sep=,
This file should not be modified. It was automatically generated by CAPSENSE Tuner 12.0.0.14438
Signature,LLS data file
SchemaVersion,8
Time, 14.08.2026 12:55:20
Program,CAPSENSE™ Tuner 12.0
ConfigDescription,deviceName - PSOC 4 (5th Generation LP)
DeviceName,PSOC 4 (5th Generation LP)
LiquidLevelWidget,LiquidLevel0
FoamWidget,LiquidLevel0_FD
SensorsCount,9
TankHeight,120
TankDetection,true
ActiveProfile,Unit0_Profile0

ProfileName,Unit0_Profile0
ConnectedDevice,KitProg3 UART-170F0CE5032D2400
Protocol,I2C
StepSize,1
NumberOfLevels,123
NumberOfSamplesLLCalibration,10
NumberOfSamplesFDCalibration,10
CountOfFullItems,123
TableSize,1230
UsedForCalibration,true
CdacCalibrationPassed,true
CompletedAllStages,true
LiquidLevelWidgetCDACs,080100801614100f10070b1275
FoamCoefficient,13
FoamWidgetCDACs,09020080121008090901050d6b
NewFoamDetectionCalibrationVersion,true

Numb,CoinName,TargetLevel,Time,RepetitiveSamplesNumb,LiquidLevel0_Sns0,LiquidLevel0_Sns1,LiquidLevel0_Sns2,LiquidLevel0_Sns3,LiquidLevel0_Sns4,LiquidLevel0_Sns5,LiquidLevel0_Sns6,LiquidLevel0_Sns7,LiquidLevel0_Sns8,LiquidLevel0_FD_Sns0,LiquidLevel0_FD_Sns1,LiquidLevel0_FD_Sns2,LiquidLevel0_FD_Sns3,LiquidLevel0_FD_Sns4,LiquidLevel0_FD_Sns5,LiquidLevel0_FD_Sns6,LiquidLevel0_FD_Sns7,LiquidLevel0_FD_Sns8
0,No tank,-2, 04.03.2026 12:18:24,0,19629,20147,19932,20254,19920,20291,19854,20109,19142,17237,17691,17778,17942,17685,17993,17565,17680,17117,
1,No tank,-2, 04.03.2026 12:18:24,1,19614,20130,19936,20247,19921,20293,19861,20109,19142,17246,17695,17775,17935,17683,17985,17576,17691,17116,
2,No tank,-2, 04.03.2026 12:18:24,2,19656,20141,19926,20255,19927,20287,19861,20111,19142,17241,17689,17786,17937,17684,17985,17574,17693,17114,
3,No tank,-2, 04.03.2026 12:18:24,3,19618,20145,19929,20245,19925,20287,19859,20111,19138,17262,17688,17770,17933,17683,17980,17570,17693,17112,
4,No tank,-2, 04.03.2026 12:18:24,4,19648,20139,19937,20250,19926,20284,19854,20112,19144,17249,17690,17779,17940,17683,17979,17571,17694,17119,
5,No tank,-2, 04.03.2026 12:18:24,5,19628,20151,19940,20246,19924,20297,19860,20114,19128,17236,17689,17777,17942,17681,17983,17574,17693,17114,
6,No tank,-2, 04.03.2026 12:18:24,6,19615,20141,19929,20253,19916,20291,19866,20113,19139,17243,17691,17779,17940,17681,17991,17571,17686,17112,
7,No tank,-2, 04.03.2026 12:18:24,7,19601,20143,19933,20242,19923,20287,19854,20109,19139,17249,17687,17779,17939,17683,17982,17566,17683,17121,
8,No tank,-2, 04.03.2026 12:18:24,8,19625,20147,19931,20253,19915,20296,19861,20110,19146,17246,17687,17783,17935,17682,17986,17577,17694,17118,
9,No tank,-2, 04.03.2026 12:18:24,9,19625,20141,19939,20261,19919,20292,19850,20107,19134,17262,17690,17787,17930,17677,17977,17566,17689,17122,
10,Empty,-1, 04.03.2026 12:18:37,0,23739,23671,23638,23605,23623,23622,23614,23648,23672,23558,23618,23626,23543,23537,23584,23594,23593,23593,
11,Empty,-1, 04.03.2026 12:18:37,1,23766,23688,23648,23574,23606,23627,23646,23645,23676,23583,23602,23636,23565,23555,23562,23608,23599,23581,
12,Empty,-1, 04.03.2026 12:18:37,2,23741,23668,23600,23607,23618,23647,23635,23620,23674,23602,23604,23643,23539,23538,23580,23607,23580,23579,
13,Empty,-1, 04.03.2026 12:18:37,3,23704,23685,23635,23586,23636,23610,23641,23636,23648,23580,23604,23655,23556,23551,23575,23608,23581,23589,
14,Empty,-1, 04.03.2026 12:18:37,4,23722,23676,23621,23603,23616,23599,23640,23630,23668,23586,23612,23647,23552,23526,23578,23616,23582,23570,
15,Empty,-1, 04.03.2026 12:18:37,5,23708,23680,23626,23624,23633,23616,23618,23632,23647,23591,23590,23648,23545,23540,23569,23610,23607,23562,
16,Empty,-1, 04.03.2026 12:18:37,6,23740,23673,23627,23605,23622,23632,23653,23637,23668,23578,23601,23658,23556,23541,23592,23601,23606,23577,
17,Empty,-1, 04.03.2026 12:18:37,7,23711,23698,23628,23617,23622,23651,23629,23633,23688,23603,23606,23648,23549,23519,23579,23605,23604,23576,
18,Empty,-1, 04.03.2026 12:18:37,8,23783,23679,23633,23606,23625,23603,23657,23650,23667,23624,23598,23645,23579,23537,23566,23620,23587,23555,
19,Empty,-1, 04.03.2026 12:18:37,9,23724,23684,23644,23580,23628,23621,23643,23652,23656,23592,23602,23643,23565,23553,23574,23607,23601,23577,
20,0,0, 04.03.2026 12:22:55,0,24386,23744,23672,23670,23681,23692,23729,23691,23717,24174,23716,23771,23659,23658,23683,23730,23702,23705,
21,0,0, 04.03.2026 12:22:55,1,24376,23742,23676,23678,23677,23708,23717,23683,23724,24176,23710,23774,23693,23661,23669,23719,23712,23674,
22,0,0, 04.03.2026 12:22:55,2,24374,23740,23683,23686,23675,23667,23697,23724,23727,24158,23711,23753,23666,23658,23686,23734,23708,23689,
23,0,0, 04.03.2026 12:22:55,3,24363,23739,23693,23672,23668,23694,23725,23684,23701,24184,23722,23765,23650,23643,23689,23728,23734,23675,
24,0,0, 04.03.2026 12:22:55,4,24416,23746,23691,23658,23665,23674,23701,23725,23718,24192,23728,23782,23676,23682,23692,23731,23705,23697,
25,0,0, 04.03.2026 12:22:55,5,24385,23741,23688,23647,23672,23673,23696,23724,23721,24179,23723,23771,23674,23657,23702,23750,23722,23701,
26,0,0, 04.03.2026 12:22:55,6,24386,23736,23680,23672,23679,23701,23725,23714,23720,24178,23722,23761,23670,23660,23681,23738,23716,23674,
27,0,0, 04.03.2026 12:22:55,7,24388,23755,23693,23650,23691,23686,23711,23696,23707,24172,23722,23753,23675,23664,23705,23726,23707,23684,
28,0,0, 04.03.2026 12:22:55,8,24393,23733,23690,23655,23672,23681,23726,23671,23722,24162,23725,23746,23677,23660,23689,23740,23722,23697,
29,0,0, 04.03.2026 12:22:55,9,24383,23761,23693,23658,23682,23704,23694,23687,23740,24189,23730,23757,23669,23642,23706,23723,23712,23679,
30,1,1, 04.03.2026 12:23:01,0,25293,23765,23690,23672,23682,23737,23706,23701,23737,24904,23740,23794,23674,23667,23720,23739,23724,23712,
31,1,1, 04.03.2026 12:23:01,1,25311,23765,23683,23659,23666,23719,23687,23708,23728,24898,23740,23800,23676,23669,23732,23767,23732,23724,
32,1,1, 04.03.2026 12:23:01,2,25323,23770,23698,23691,23697,23708,23721,23672,23745,24902,23756,23776,23699,23671,23738,23766,23770,23697,
33,1,1, 04.03.2026 12:23:01,3,25321,23749,23696,23677,23686,23677,23712,23725,23709,24924,23734,23801,23696,23684,23708,23751,23732,23701,
34,1,1, 04.03.2026 12:23:01,4,25311,23764,23679,23657,23690,23691,23726,23689,23734,24928,23754,23794,23686,23688,23717,23740,23752,23716,
35,1,1, 04.03.2026 12:23:01,5,25323,23752,23686,23650,23708,23673,23695,23687,23713,24906,23744,23784,23707,23688,23689,23751,23753,23691,
36,1,1, 04.03.2026 12:23:01,6,25362,23775,23689,23636,23673,23698,23690,23702,23723,24951,23753,23791,23710,23686,23709,23751,23721,23704,
37,1,1, 04.03.2026 12:23:01,7,25373,23752,23716,23674,23706,23676,23707,23708,23720,24955,23770,23783,23700,23691,23697,23761,23727,23727,
38,1,1, 04.03.2026 12:23:01,8,25390,23764,23683,23672,23708,23706,23720,23700,23716,24964,23756,23774,23699,23686,23707,23736,23735,23716,
39,1,1, 04.03.2026 12:23:01,9,25370,23760,23717,23668,23682,23699,23692,23690,23713,24987,23749,23782,23672,23659,23712,23742,23744,23710,
40,2,2, 04.03.2026 12:23:05,0,26622,23766,23711,23654,23665,23698,23709,23715,23736,25966,23754,23786,23688,23676,23740,23765,23730,23726,
41,2,2, 04.03.2026 12:23:05,1,26578,23746,23670,23655,23674,23706,23725,23720,23716,25980,23766,23817,23698,23698,23727,23755,23750,23704,
42,2,2, 04.03.2026 12:23:05,2,26644,23718,23686,23656,23679,23690,23698,23698,23720,26006,23753,23782,23703,23672,23728,23754,23752,23740,
43,2,2, 04.03.2026 12:23:05,3,26617,23752,23701,23670,23664,23705,23699,23708,23734,25990,23764,23794,23676,23682,23717,23763,23739,23723,
44,2,2, 04.03.2026 12:23:05,4,26646,23765,23706,23654,23664,23699,23688,23701,23750,25981,23774,23796,23684,23689,23725,23762,23740,23691,
45,2,2, 04.03.2026 12:23:05,5,26639,23745,23656,23634,23692,23688,23692,23691,23728,26020,23762,23792,23717,23687,23730,23772,23752,23704,
46,2,2, 04.03.2026 12:23:05,6,26582,23752,23702,23661,23689,23716,23710,23701,23729,26019,23764,23777,23690,23683,23705,23758,23744,23710,
47,2,2, 04.03.2026 12:23:05,7,26619,23757,23690,23633,23664,23664,23730,23697,23735,25983,23746,23807,23701,23665,23718,23740,23742,23715,
48,2,2, 04.03.2026 12:23:05,8,26638,23744,23684,23675,23673,23676,23693,23727,23708,25989,23740,23810,23700,23675,23722,23767,23726,23721,
49,2,2, 04.03.2026 12:23:05,9,26634,23755,23708,23658,23667,23689,23696,23683,23708,25989,23761,23790,23707,23685,23721,23768,23756,23694,
50,3,3, 04.03.2026 12:23:17,0,29757,23746,23666,23653,23653,23679,23674,23690,23698,28613,23791,23795,23711,23720,23708,23750,23748,23705,
51,3,3, 04.03.2026 12:23:17,1,29769,23756,23663,23659,23651,23678,23674,23698,23689,28585,23786,23805,23710,23691,23734,23756,23758,23702,
52,3,3, 04.03.2026 12:23:17,2,29762,23737,23672,23667,23670,23681,23706,23687,23667,28596,23812,23807,23707,23709,23722,23772,23762,23738,
53,3,3, 04.03.2026 12:23:17,3,29769,23763,23691,23634,23657,23655,23702,23668,23669,28625,23813,23804,23724,23715,23713,23772,23774,23715,
54,3,3, 04.03.2026 12:23:17,4,29793,23729,23696,23634,23674,23673,23694,23702,23696,28612,23804,23805,23701,23683,23727,23775,23758,23723,
55,3,3, 04.03.2026 12:23:17,5,29801,23747,23692,23636,23672,23693,23702,23684,23691,28625,23782,23807,23718,23684,23728,23745,23739,23706,
56,3,3, 04.03.2026 12:23:17,6,29833,23740,23700,23656,23671,23658,23678,23696,23684,28638,23795,23809,23713,23684,23736,23791,23762,23728,
57,3,3, 04.03.2026 12:23:17,7,29838,23748,23646,23646,23690,23682,23701,23691,23684,28680,23808,23809,23706,23691,23721,23788,23741,23701,
58,3,3, 04.03.2026 12:23:17,8,29840,23750,23676,23642,23672,23657,23681,23694,23676,28657,23785,23805,23705,23692,23732,23759,23752,23693,
59,3,3, 04.03.2026 12:23:17,9,29846,23758,23656,23641,23667,23705,23691,23706,23690,28649,23788,23795,23708,23685,23737,23780,23762,23709,
60,4,4, 04.03.2026 12:23:21,0,30117,23748,23671,23658,23668,23682,23707,23696,23700,28863,23792,23821,23739,23690,23759,23794,23750,23716,
61,4,4, 04.03.2026 12:23:21,1,30107,23740,23698,23678,23671,23676,23705,23692,23718,28882,23790,23806,23734,23702,23742,23772,23758,23720,
62,4,4, 04.03.2026 12:23:21,2,30081,23753,23681,23631,23658,23690,23667,23669,23699,28847,23821,23796,23719,23728,23734,23771,23764,23714,
63,4,4, 04.03.2026 12:23:21,3,30112,23720,23685,23662,23632,23652,23689,23694,23700,28835,23802,23807,23712,23703,23766,23773,23780,23706,
64,4,4, 04.03.2026 12:23:21,4,30059,23744,23670,23654,23661,23678,23704,23682,23716,28854,23800,23797,23718,23696,23759,23787,23758,23717,
65,4,4, 04.03.2026 12:23:21,5,30093,23767,23664,23657,23674,23706,23702,23706,23717,28835,23783,23798,23718,23692,23768,23782,23758,23729,
66,4,4, 04.03.2026 12:23:21,6,30072,23779,23682,23636,23666,23672,23692,23699,23696,28803,23793,23828,23716,23703,23740,23791,23756,23728,
67,4,4, 04.03.2026 12:23:21,7,30070,23739,23694,23663,23656,23683,23691,23704,23699,28819,23768,23805,23709,23712,23767,23752,23766,23725,
68,4,4, 04.03.2026 12:23:21,8,30081,23783,23666,23667,23680,23676,23696,23707,23714,28842,23782,23797,23718,23705,23730,23801,23762,23724,
69,4,4, 04.03.2026 12:23:21,9,30072,23754,23664,23628,23656,23721,23679,23684,23674,28795,23798,23799,23738,23705,23757,23792,23758,23712,
70,5,5, 04.03.2026 12:23:23,0,30904,23746,23671,23629,23669,23674,23671,23713,23702,29596,23815,23790,23733,23685,23738,23784,23782,23736,
71,5,5, 04.03.2026 12:23:23,1,30947,23769,23663,23673,23661,23683,23669,23704,23683,29618,23792,23828,23706,23691,23735,23776,23760,23717,
72,5,5, 04.03.2026 12:23:23,2,30957,23744,23668,23642,23640,23680,23710,23677,23692,29656,23804,23803,23718,23692,23732,23780,23762,23725,
73,5,5, 04.03.2026 12:23:23,3,30961,23784,23669,23660,23683,23685,23692,23671,23698,29634,23796,23809,23730,23702,23738,23786,23758,23701,
74,5,5, 04.03.2026 12:23:23,4,30990,23763,23681,23650,23687,23674,23686,23692,23703,29660,23821,23816,23735,23713,23738,23777,23770,23701,
75,5,5, 04.03.2026 12:23:23,5,30975,23731,23672,23612,23674,23646,23701,23699,23694,29666,23812,23789,23725,23730,23772,23781,23768,23720,
76,5,5, 04.03.2026 12:23:23,6,31029,23739,23692,23657,23662,23668,23662,23704,23669,29659,23810,23810,23742,23720,23764,23768,23777,23709,
77,5,5, 04.03.2026 12:23:23,7,31009,23774,23680,23636,23638,23668,23688,23696,23687,29682,23822,23808,23734,23719,23744,23797,23751,23728,
78,5,5, 04.03.2026 12:23:23,8,30998,23753,23672,23620,23664,23668,23678,23686,23703,29688,23813,23825,23728,23701,23736,23783,23753,23730,
79,5,5, 04.03.2026 12:23:23,9,31042,23770,23697,23646,23658,23676,23686,23675,23711,29681,23835,23812,23719,23709,23752,23774,23752,23725,
80,6,6, 04.03.2026 12:23:23,0,32355,23797,23690,23634,23646,23676,23687,23674,23686,30861,23851,23814,23707,23715,23732,23788,23771,23717,
81,6,6, 04.03.2026 12:23:23,1,32343,23761,23655,23662,23666,23678,23694,23684,23694,30813,23836,23825,23722,23697,23742,23791,23779,23727,
82,6,6, 04.03.2026 12:23:23,2,32379,23797,23673,23623,23635,23648,23671,23699,23692,30871,23852,23815,23702,23702,23738,23801,23750,23724,
83,6,6, 04.03.2026 12:23:23,3,32425,23790,23679,23607,23640,23675,23670,23698,23685,30896,23846,23805,23724,23691,23732,23781,23772,23719,
84,6,6, 04.03.2026 12:23:23,4,32498,23799,23679,23629,23652,23656,23676,23684,23674,30935,23847,23806,23717,23698,23728,23800,23770,23708,
85,6,6, 04.03.2026 12:23:23,5,32499,23780,23658,23640,23666,23673,23682,23720,23685,30933,23853,23794,23725,23730,23748,23799,23766,23725,
86,6,6, 04.03.2026 12:23:23,6,32469,23757,23661,23626,23644,23668,23685,23695,23676,30955,23858,23791,23713,23705,23750,23786,23747,23738,
87,6,6, 04.03.2026 12:23:23,7,32531,23796,23668,23623,23681,23686,23702,23683,23672,30935,23868,23828,23737,23686,23762,23772,23780,23724,
88,6,6, 04.03.2026 12:23:23,8,32555,23799,23675,23633,23698,23676,23671,23675,23672,30931,23861,23807,23740,23709,23755,23774,23771,23743,
89,6,6, 04.03.2026 12:23:23,9,32527,23765,23670,23638,23665,23680,23675,23705,23695,30937,23851,23796,23715,23709,23749,23787,23758,23725,
90,7,7, 04.03.2026 12:23:24,0,33561,23834,23643,23656,23649,23691,23672,23685,23664,31793,23914,23798,23717,23690,23715,23792,23763,23722,
91,7,7, 04.03.2026 12:23:24,1,33603,23852,23628,23630,23636,23671,23654,23656,23677,31863,23916,23812,23736,23698,23741,23768,23776,23734,
92,7,7, 04.03.2026 12:23:24,2,33626,23870,23655,23625,23636,23682,23660,23642,23696,31881,23908,23794,23725,23713,23736,23795,23760,23726,
93,7,7, 04.03.2026 12:23:24,3,33636,23830,23664,23627,23638,23666,23662,23662,23687,31871,23895,23825,23710,23710,23771,23793,23769,23728,
94,7,7, 04.03.2026 12:23:24,4,33675,23847,23647,23630,23620,23677,23676,23666,23660,31907,23918,23818,23734,23697,23741,23788,23769,23723,
95,7,7, 04.03.2026 12:23:24,5,33658,23816,23654,23644,23641,23648,23667,23675,23689,31924,23882,23813,23725,23679,23757,23788,23763,23724,
96,7,7, 04.03.2026 12:23:24,6,33723,23841,23666,23620,23662,23661,23674,23676,23661,31877,23918,23803,23718,23700,23713,23776,23752,23741,
97,7,7, 04.03.2026 12:23:24,7,33735,23884,23658,23622,23640,23665,23671,23650,23677,31955,23917,23825,23722,23711,23748,23810,23752,23721,
98,7,7, 04.03.2026 12:23:24,8,33705,23846,23648,23646,23628,23665,23693,23678,23667,31949,23892,23813,23728,23711,23752,23778,23763,23730,
99,7,7, 04.03.2026 12:23:24,9,33738,23850,23670,23624,23651,23680,23678,23682,23657,31928,23924,23805,23700,23703,23722,23774,23779,23728,
100,8,8, 04.03.2026 12:23:25,0,34834,24049,23662,23599,23645,23680,23682,23683,23700,32863,24086,23808,23714,23713,23744,23807,23774,23736,
101,8,8, 04.03.2026 12:23:25,1,34813,24045,23657,23630,23669,23674,23660,23656,23685,32859,24077,23831,23721,23695,23746,23774,23783,23728,
102,8,8, 04.03.2026 12:23:25,2,34843,24063,23650,23633,23641,23659,23664,23672,23655,32851,24068,23834,23733,23713,23755,23797,23787,23725,
103,8,8, 04.03.2026 12:23:25,3,34824,24042,23644,23612,23635,23673,23688,23682,23669,32895,24088,23826,23734,23708,23742,23791,23778,23731,
104,8,8, 04.03.2026 12:23:25,4,34833,24097,23658,23591,23619,23644,23655,23679,23677,32892,24109,23820,23724,23726,23727,23787,23777,23721,
105,8,8, 04.03.2026 12:23:25,5,34879,24068,23650,23633,23652,23661,23652,23654,23662,32892,24095,23814,23717,23732,23736,23788,23780,23733,
106,8,8, 04.03.2026 12:23:25,6,34899,24083,23644,23606,23625,23659,23658,23648,23639,32927,24083,23837,23753,23726,23760,23799,23786,23725,
107,8,8, 04.03.2026 12:23:25,7,34926,24068,23638,23645,23649,23669,23658,23680,23669,32940,24104,23812,23735,23737,23733,23787,23785,23727,
108,8,8, 04.03.2026 12:23:25,8,34913,24100,23668,23627,23643,23671,23672,23668,23662,32940,24134,23787,23728,23748,23755,23793,23775,23725,
109,8,8, 04.03.2026 12:23:25,9,34906,24100,23663,23624,23637,23638,23660,23682,23653,32953,24096,23821,23734,23702,23758,23791,23764,23732,
110,9,9, 04.03.2026 12:23:26,0,35686,24290,23666,23613,23648,23681,23672,23678,23663,33587,24304,23811,23721,23727,23767,23818,23778,23737,
111,9,9, 04.03.2026 12:23:26,1,35720,24319,23654,23620,23637,23654,23675,23694,23681,33611,24322,23805,23722,23713,23727,23810,23794,23744,
112,9,9, 04.03.2026 12:23:26,2,35725,24342,23671,23613,23650,23607,23678,23669,23645,33631,24290,23819,23730,23742,23760,23804,23786,23728,
113,9,9, 04.03.2026 12:23:26,3,35762,24354,23664,23615,23640,23648,23662,23652,23686,33629,24294,23829,23747,23718,23773,23812,23793,23725,
114,9,9, 04.03.2026 12:23:26,4,35767,24351,23648,23611,23624,23636,23660,23671,23651,33661,24316,23826,23740,23713,23763,23804,23808,23741,
115,9,9, 04.03.2026 12:23:26,5,35762,24374,23625,23635,23657,23670,23685,23678,23676,33688,24327,23826,23748,23728,23765,23807,23800,23728,
116,9,9, 04.03.2026 12:23:26,6,35799,24384,23647,23603,23621,23657,23687,23689,23690,33666,24333,23836,23746,23726,23744,23825,23797,23717,
117,9,9, 04.03.2026 12:23:26,7,35795,24372,23638,23618,23638,23637,23660,23702,23660,33699,24358,23824,23739,23723,23787,23770,23766,23750,
118,9,9, 04.03.2026 12:23:26,8,35805,24362,23648,23641,23645,23653,23674,23652,23680,33700,24356,23829,23740,23738,23764,23792,23792,23758,
119,9,9, 04.03.2026 12:23:26,9,35849,24377,23611,23619,23644,23663,23700,23672,23681,33737,24369,23827,23761,23711,23763,23822,23811,23741,
120,10,10, 04.03.2026 12:23:26,0,36557,24695,23634,23621,23644,23672,23654,23658,23674,34297,24637,23855,23720,23724,23781,23806,23796,23745,
121,10,10, 04.03.2026 12:23:26,1,36493,24689,23658,23628,23640,23633,23692,23680,23668,34275,24618,23839,23745,23748,23783,23810,23787,23746,
122,10,10, 04.03.2026 12:23:26,2,36567,24706,23650,23595,23633,23629,23653,23661,23679,34277,24587,23825,23743,23728,23774,23809,23815,23753,
123,10,10, 04.03.2026 12:23:26,3,36538,24693,23635,23601,23624,23698,23679,23660,23688,34333,24609,23816,23758,23711,23777,23827,23795,23738,
124,10,10, 04.03.2026 12:23:26,4,36508,24705,23666,23625,23650,23660,23659,23656,23663,34316,24624,23864,23762,23710,23780,23817,23791,23751,
125,10,10, 04.03.2026 12:23:26,5,36533,24694,23683,23605,23670,23639,23689,23680,23664,34351,24608,23850,23739,23724,23792,23813,23792,23761,
126,10,10, 04.03.2026 12:23:26,6,36524,24719,23633,23606,23616,23643,23664,23687,23660,34318,24636,23846,23742,23716,23785,23819,23801,23760,
127,10,10, 04.03.2026 12:23:26,7,36610,24713,23663,23619,23645,23653,23682,23644,23697,34343,24636,23823,23731,23711,23771,23819,23787,23770,
128,10,10, 04.03.2026 12:23:26,8,36562,24717,23648,23605,23653,23643,23656,23642,23651,34327,24636,23836,23754,23731,23771,23813,23782,23743,
129,10,10, 04.03.2026 12:23:26,9,36574,24729,23638,23619,23659,23675,23675,23681,23681,34349,24645,23844,23742,23715,23753,23807,23762,23728,
130,11,11, 04.03.2026 12:23:27,0,37170,25037,23648,23639,23633,23654,23677,23652,23636,34854,24881,23835,23762,23735,23793,23829,23814,23767,
131,11,11, 04.03.2026 12:23:27,1,37206,25037,23638,23625,23632,23645,23660,23670,23689,34841,24898,23837,23756,23736,23794,23828,23812,23746,
132,11,11, 04.03.2026 12:23:27,2,37170,25039,23640,23608,23631,23651,23651,23659,23677,34871,24902,23861,23749,23718,23776,23803,23799,23763,
133,11,11, 04.03.2026 12:23:27,3,37192,25031,23649,23602,23650,23643,23647,23676,23653,34879,24888,23837,23768,23707,23770,23829,23806,23760,
134,11,11, 04.03.2026 12:23:27,4,37211,25046,23651,23614,23617,23644,23666,23699,23664,34867,24902,23854,23763,23741,23796,23838,23802,23778,
135,11,11, 04.03.2026 12:23:27,5,37187,25055,23650,23606,23624,23698,23658,23657,23675,34882,24916,23857,23766,23725,23778,23818,23790,23756,
136,11,11, 04.03.2026 12:23:27,6,37163,25064,23638,23622,23643,23661,23634,23656,23676,34855,24947,23845,23772,23752,23775,23833,23815,23773,
137,11,11, 04.03.2026 12:23:27,7,37194,25081,23654,23589,23644,23628,23680,23652,23674,34895,24955,23848,23768,23760,23773,23852,23772,23768,
138,11,11, 04.03.2026 12:23:27,8,37239,25112,23656,23641,23611,23666,23659,23670,23673,34931,24945,23847,23738,23741,23776,23805,23783,23743,
139,11,11, 04.03.2026 12:23:27,9,37291,25115,23675,23597,23631,23667,23689,23660,23639,34903,24959,23824,23770,23743,23779,23815,23816,23739,
140,12,12, 04.03.2026 12:23:27,0,37752,25431,23651,23609,23653,23642,23658,23672,23659,35308,25205,23839,23750,23745,23784,23799,23808,23770,
141,12,12, 04.03.2026 12:23:27,1,37731,25464,23664,23619,23653,23657,23688,23659,23661,35312,25256,23841,23761,23734,23800,23820,23809,23764,
142,12,12, 04.03.2026 12:23:27,2,37754,25465,23646,23627,23646,23640,23662,23637,23678,35305,25254,23831,23772,23743,23809,23847,23785,23768,
143,12,12, 04.03.2026 12:23:27,3,37767,25485,23661,23620,23652,23663,23667,23671,23651,35332,25279,23860,23756,23727,23798,23835,23798,23743,
144,12,12, 04.03.2026 12:23:27,4,37792,25485,23652,23612,23619,23696,23667,23651,23677,35374,25280,23839,23778,23741,23786,23850,23807,23744,
145,12,12, 04.03.2026 12:23:27,5,37772,25512,23626,23597,23644,23642,23666,23658,23648,35375,25280,23870,23763,23734,23802,23811,23802,23766,
146,12,12, 04.03.2026 12:23:27,6,37763,25522,23643,23596,23637,23650,23678,23643,23662,35360,25289,23861,23748,23753,23791,23822,23820,23755,
147,12,12, 04.03.2026 12:23:27,7,37798,25502,23613,23616,23670,23668,23627,23690,23648,35370,25297,23867,23762,23757,23780,23840,23801,23759,
148,12,12, 04.03.2026 12:23:27,8,37812,25530,23648,23617,23630,23645,23688,23681,23662,35370,25298,23858,23760,23740,23786,23829,23815,23755,
149,12,12, 04.03.2026 12:23:27,9,37808,25515,23632,23612,23642,23653,23670,23667,23648,35394,25308,23868,23745,23746,23785,23849,23823,23766,
150,13,13, 04.03.2026 12:23:28,0,38249,25872,23640,23617,23630,23657,23646,23644,23686,35752,25597,23875,23792,23758,23786,23814,23816,23765,
151,13,13, 04.03.2026 12:23:28,1,38249,25908,23631,23612,23644,23644,23675,23660,23671,35760,25600,23848,23751,23762,23815,23849,23817,23780,
152,13,13, 04.03.2026 12:23:28,2,38270,25893,23623,23625,23632,23650,23665,23654,23662,35768,25618,23868,23752,23756,23788,23833,23840,23740,
153,13,13, 04.03.2026 12:23:28,3,38276,25906,23636,23617,23653,23636,23683,23669,23642,35793,25621,23870,23759,23741,23822,23828,23819,23778,
154,13,13, 04.03.2026 12:23:28,4,38321,25919,23646,23586,23641,23643,23698,23646,23674,35798,25636,23872,23757,23756,23775,23820,23793,23779,
155,13,13, 04.03.2026 12:23:28,5,38308,25938,23669,23613,23657,23650,23680,23668,23665,35820,25643,23874,23792,23747,23799,23841,23815,23765,
156,13,13, 04.03.2026 12:23:28,6,38299,25970,23600,23596,23639,23668,23674,23666,23668,35821,25663,23879,23749,23774,23787,23850,23819,23759,
157,13,13, 04.03.2026 12:23:28,7,38344,25950,23643,23602,23639,23682,23658,23622,23676,35866,25683,23862,23772,23752,23789,23831,23810,23777,
158,13,13, 04.03.2026 12:23:28,8,38349,25966,23668,23614,23614,23657,23666,23668,23701,35873,25694,23870,23766,23748,23785,23842,23824,23761,
159,13,13, 04.03.2026 12:23:28,9,38385,25990,23644,23597,23632,23646,23664,23667,23655,35866,25723,23849,23772,23756,23763,23840,23829,23764,
160,14,14, 04.03.2026 12:23:29,0,39027,26552,23628,23601,23652,23631,23642,23679,23656,36361,26173,23863,23770,23776,23803,23851,23846,23781,
161,14,14, 04.03.2026 12:23:29,1,38990,26566,23673,23598,23632,23653,23685,23642,23649,36378,26201,23869,23788,23763,23798,23812,23823,23772,
162,14,14, 04.03.2026 12:23:29,2,39003,26550,23650,23584,23660,23648,23662,23656,23687,36387,26209,23902,23777,23782,23824,23855,23856,23777,
163,14,14, 04.03.2026 12:23:29,3,39038,26580,23642,23619,23660,23664,23655,23651,23656,36410,26193,23878,23764,23791,23819,23861,23824,23787,
164,14,14, 04.03.2026 12:23:29,4,39038,26573,23650,23610,23662,23646,23671,23673,23690,36410,26218,23863,23789,23769,23798,23878,23841,23775,
165,14,14, 04.03.2026 12:23:29,5,39011,26604,23619,23602,23647,23647,23674,23659,23676,36429,26240,23876,23771,23783,23806,23859,23812,23767,
166,14,14, 04.03.2026 12:23:29,6,39003,26659,23653,23611,23634,23662,23673,23665,23659,36410,26263,23894,23774,23786,23802,23868,23847,23793,
167,14,14, 04.03.2026 12:23:29,7,39048,26664,23647,23600,23633,23645,23686,23682,23650,36406,26262,23894,23754,23788,23810,23862,23842,23774,
168,14,14, 04.03.2026 12:23:29,8,39027,26680,23646,23597,23654,23649,23676,23634,23669,36408,26289,23869,23781,23744,23793,23854,23832,23799,
169,14,14, 04.03.2026 12:23:29,9,39017,26708,23648,23637,23641,23650,23662,23645,23651,36432,26327,23890,23760,23778,23796,23835,23850,23779,
170,15,15, 04.03.2026 12:23:29,0,39388,27245,23645,23616,23603,23654,23666,23648,23647,36756,26755,23900,23802,23780,23802,23853,23838,23780,
171,15,15, 04.03.2026 12:23:29,1,39435,27274,23651,23611,23635,23634,23687,23669,23644,36738,26786,23878,23784,23754,23806,23853,23853,23783,
172,15,15, 04.03.2026 12:23:29,2,39389,27284,23639,23618,23627,23674,23651,23636,23639,36784,26794,23904,23814,23753,23806,23844,23837,23766,
173,15,15, 04.03.2026 12:23:29,3,39433,27272,23655,23611,23615,23643,23668,23668,23648,36783,26781,23874,23791,23768,23835,23864,23847,23793,
174,15,15, 04.03.2026 12:23:29,4,39391,27283,23645,23606,23605,23647,23666,23655,23658,36759,26783,23910,23782,23778,23804,23849,23842,23785,
175,15,15, 04.03.2026 12:23:29,5,39406,27315,23644,23600,23640,23652,23684,23674,23638,36766,26772,23892,23786,23776,23833,23873,23850,23781,
176,15,15, 04.03.2026 12:23:29,6,39448,27316,23671,23621,23623,23619,23620,23684,23661,36789,26810,23896,23790,23786,23810,23874,23833,23780,
177,15,15, 04.03.2026 12:23:29,7,39447,27332,23648,23621,23648,23673,23663,23648,23679,36793,26823,23888,23812,23776,23810,23862,23844,23794,
178,15,15, 04.03.2026 12:23:29,8,39416,27327,23632,23585,23641,23648,23655,23674,23655,36774,26824,23878,23787,23781,23805,23864,23869,23790,
179,15,15, 04.03.2026 12:23:29,9,39464,27347,23652,23610,23642,23631,23676,23664,23667,36783,26852,23888,23795,23772,23808,23891,23860,23783,
180,16,16, 04.03.2026 12:23:30,0,39734,27937,23650,23599,23629,23628,23682,23658,23660,37097,27383,23897,23813,23799,23815,23878,23856,23795,
181,16,16, 04.03.2026 12:23:30,1,39794,27985,23645,23644,23634,23643,23648,23659,23660,37089,27360,23924,23820,23779,23836,23882,23864,23776,
182,16,16, 04.03.2026 12:23:30,2,39746,28040,23670,23597,23640,23660,23654,23660,23676,37059,27407,23906,23791,23794,23815,23873,23864,23790,
183,16,16, 04.03.2026 12:23:30,3,39778,28057,23632,23625,23624,23648,23670,23690,23626,37048,27437,23906,23772,23796,23828,23853,23868,23808,
184,16,16, 04.03.2026 12:23:30,4,39717,28097,23635,23610,23621,23619,23653,23667,23670,37067,27440,23913,23809,23786,23804,23870,23842,23794,
185,16,16, 04.03.2026 12:23:30,5,39740,28128,23637,23625,23632,23666,23640,23639,23671,37077,27472,23908,23803,23756,23833,23855,23844,23795,
186,16,16, 04.03.2026 12:23:30,6,39807,28114,23650,23589,23654,23634,23649,23658,23632,37081,27512,23925,23760,23753,23839,23880,23860,23779,
187,16,16, 04.03.2026 12:23:30,7,39805,28131,23642,23614,23615,23654,23636,23668,23635,37096,27504,23910,23784,23781,23831,23865,23850,23800,
188,16,16, 04.03.2026 12:23:30,8,39830,28144,23681,23607,23668,23673,23651,23655,23658,37112,27496,23899,23801,23800,23821,23864,23850,23809,
189,16,16, 04.03.2026 12:23:30,9,39838,28165,23634,23605,23630,23649,23660,23654,23657,37134,27516,23918,23801,23769,23860,23878,23847,23797,
190,17,17, 04.03.2026 12:23:31,0,40054,28816,23639,23628,23638,23649,23658,23639,23669,37307,28035,23914,23806,23781,23809,23876,23855,23809,
191,17,17, 04.03.2026 12:23:31,1,40042,28824,23634,23617,23648,23648,23672,23667,23653,37289,28057,23908,23797,23778,23843,23880,23864,23791,
192,17,17, 04.03.2026 12:23:31,2,40080,28833,23670,23639,23624,23660,23702,23672,23660,37300,28083,23898,23815,23787,23815,23892,23869,23771,
193,17,17, 04.03.2026 12:23:31,3,40071,28819,23677,23613,23642,23642,23662,23652,23668,37342,28065,23926,23818,23781,23844,23876,23848,23803,
194,17,17, 04.03.2026 12:23:31,4,40051,28861,23656,23630,23642,23620,23678,23675,23637,37316,28085,23910,23793,23810,23820,23869,23863,23773,
195,17,17, 04.03.2026 12:23:31,5,40062,28858,23636,23614,23618,23639,23659,23656,23637,37329,28109,23928,23833,23792,23841,23851,23874,23792,
196,17,17, 04.03.2026 12:23:31,6,40041,28900,23660,23605,23624,23659,23640,23653,23658,37326,28130,23940,23812,23761,23833,23900,23852,23806,
197,17,17, 04.03.2026 12:23:31,7,40066,28938,23658,23574,23619,23648,23658,23670,23671,37354,28177,23893,23778,23788,23841,23877,23871,23806,
198,17,17, 04.03.2026 12:23:31,8,40048,28956,23634,23594,23627,23651,23648,23655,23635,37326,28171,23922,23784,23794,23847,23868,23852,23809,
199,17,17, 04.03.2026 12:23:31,9,40070,29000,23674,23606,23632,23639,23661,23657,23651,37303,28217,23900,23800,23800,23813,23865,23859,23793,
200,18,18, 04.03.2026 12:23:31,0,40226,29603,23674,23616,23639,23678,23674,23652,23675,37517,28727,23951,23802,23802,23822,23904,23866,23820,
201,18,18, 04.03.2026 12:23:31,1,40232,29598,23674,23631,23630,23642,23658,23672,23680,37483,28729,23936,23804,23792,23845,23902,23884,23803,
202,18,18, 04.03.2026 12:23:31,2,40257,29599,23664,23645,23651,23650,23658,23643,23637,37474,28750,23946,23828,23810,23846,23895,23872,23831,
203,18,18, 04.03.2026 12:23:31,3,40312,29629,23666,23601,23632,23668,23652,23666,23669,37537,28800,23934,23800,23807,23851,23895,23874,23831,
204,18,18, 04.03.2026 12:23:31,4,40270,29664,23643,23620,23622,23643,23669,23692,23662,37529,28818,23937,23824,23793,23845,23886,23891,23795,
205,18,18, 04.03.2026 12:23:31,5,40255,29652,23658,23602,23622,23665,23670,23647,23648,37515,28807,23944,23813,23806,23861,23894,23861,23823,
206,18,18, 04.03.2026 12:23:31,6,40256,29702,23663,23578,23609,23602,23647,23668,23647,37522,28832,23965,23835,23796,23830,23909,23882,23803,
207,18,18, 04.03.2026 12:23:31,7,40242,29739,23668,23610,23632,23632,23645,23672,23649,37555,28835,23926,23841,23802,23827,23877,23861,23802,
208,18,18, 04.03.2026 12:23:31,8,40224,29748,23681,23604,23680,23646,23655,23643,23665,37539,28870,23934,23824,23790,23819,23906,23871,23796,
209,18,18, 04.03.2026 12:23:31,9,40245,29778,23683,23644,23622,23660,23665,23671,23660,37485,28929,23926,23834,23835,23844,23900,23864,23825,
210,19,19, 04.03.2026 12:23:32,0,40328,30425,23687,23635,23594,23649,23678,23642,23649,37603,29499,23926,23829,23807,23833,23892,23882,23809,
211,19,19, 04.03.2026 12:23:32,1,40376,30439,23665,23593,23636,23667,23690,23631,23639,37648,29501,23946,23807,23795,23851,23870,23873,23806,
212,19,19, 04.03.2026 12:23:32,2,40339,30457,23687,23586,23639,23635,23675,23653,23657,37615,29521,23960,23830,23826,23864,23913,23898,23831,
213,19,19, 04.03.2026 12:23:32,3,40367,30477,23677,23588,23590,23647,23629,23640,23628,37642,29547,23922,23840,23808,23879,23875,23911,23826,
214,19,19, 04.03.2026 12:23:32,4,40406,30510,23680,23591,23614,23660,23638,23668,23627,37626,29559,23929,23820,23822,23870,23906,23877,23815,
215,19,19, 04.03.2026 12:23:32,5,40348,30507,23679,23606,23620,23630,23670,23648,23652,37632,29530,23968,23822,23792,23847,23861,23840,23819,
216,19,19, 04.03.2026 12:23:32,6,40334,30549,23678,23605,23640,23645,23644,23669,23624,37632,29600,23951,23833,23825,23855,23900,23898,23814,
217,19,19, 04.03.2026 12:23:32,7,40376,30553,23708,23623,23625,23644,23683,23667,23614,37631,29600,23940,23844,23798,23859,23893,23902,23816,
218,19,19, 04.03.2026 12:23:32,8,40342,30557,23675,23596,23609,23622,23660,23671,23627,37663,29625,23933,23814,23805,23839,23904,23879,23804,
219,19,19, 04.03.2026 12:23:32,9,40392,30624,23671,23590,23623,23632,23648,23659,23637,37634,29630,23944,23816,23799,23843,23879,23873,23812,
220,20,20, 04.03.2026 12:23:33,0,40391,31544,23743,23604,23652,23642,23689,23646,23657,37684,30440,24020,23829,23813,23864,23924,23926,23835,
221,20,20, 04.03.2026 12:23:33,1,40364,31590,23715,23592,23644,23615,23668,23652,23649,37677,30473,24010,23841,23824,23880,23881,23906,23822,
222,20,20, 04.03.2026 12:23:33,2,40383,31585,23744,23622,23648,23655,23641,23688,23646,37694,30484,24005,23829,23812,23892,23892,23928,23811,
223,20,20, 04.03.2026 12:23:33,3,40399,31648,23753,23594,23627,23650,23684,23664,23637,37703,30515,24024,23851,23821,23891,23914,23897,23835,
224,20,20, 04.03.2026 12:23:33,4,40445,31669,23744,23562,23627,23631,23634,23668,23639,37679,30549,24023,23841,23810,23842,23922,23902,23797,
225,20,20, 04.03.2026 12:23:33,5,40413,31668,23728,23597,23591,23668,23661,23644,23658,37685,30564,24030,23823,23851,23888,23900,23902,23841,
226,20,20, 04.03.2026 12:23:33,6,40420,31652,23752,23598,23639,23650,23658,23671,23658,37670,30566,23997,23841,23819,23868,23914,23883,23808,
227,20,20, 04.03.2026 12:23:33,7,40383,31703,23737,23637,23644,23656,23652,23636,23644,37682,30555,24016,23845,23811,23884,23925,23900,23813,
228,20,20, 04.03.2026 12:23:33,8,40400,31700,23728,23601,23629,23643,23657,23624,23652,37674,30582,24011,23834,23844,23880,23890,23907,23844,
229,20,20, 04.03.2026 12:23:33,9,40409,31726,23740,23588,23618,23649,23661,23651,23637,37678,30580,24012,23841,23840,23889,23930,23890,23837,
230,21,21, 04.03.2026 12:23:40,0,40335,32926,23936,23593,23614,23648,23664,23648,23667,37677,31595,24206,23866,23851,23880,23924,23918,23863,
231,21,21, 04.03.2026 12:23:40,1,40320,32934,23934,23628,23634,23655,23637,23677,23635,37696,31622,24203,23875,23831,23912,23926,23906,23870,
232,21,21, 04.03.2026 12:23:40,2,40372,32969,23952,23598,23632,23670,23681,23662,23644,37665,31634,24176,23851,23851,23866,23929,23927,23814,
233,21,21, 04.03.2026 12:23:40,3,40379,32945,23924,23584,23619,23663,23645,23678,23658,37675,31657,24182,23845,23824,23872,23917,23895,23844,
234,21,21, 04.03.2026 12:23:40,4,40354,32929,23930,23600,23638,23658,23641,23699,23664,37671,31615,24168,23857,23814,23900,23914,23917,23866,
235,21,21, 04.03.2026 12:23:40,5,40324,32921,23921,23604,23631,23664,23673,23660,23661,37662,31605,24162,23857,23844,23877,23908,23892,23833,
236,21,21, 04.03.2026 12:23:40,6,40356,32936,23924,23595,23613,23654,23665,23657,23644,37682,31612,24164,23863,23810,23901,23923,23897,23846,
237,21,21, 04.03.2026 12:23:40,7,40352,32964,23942,23616,23622,23667,23650,23663,23642,37649,31645,24168,23844,23849,23898,23951,23914,23849,
238,21,21, 04.03.2026 12:23:40,8,40351,32970,23951,23608,23629,23660,23676,23645,23651,37672,31621,24187,23831,23839,23858,23945,23905,23860,
239,21,21, 04.03.2026 12:23:40,9,40328,32948,23945,23600,23605,23631,23674,23678,23667,37690,31639,24182,23842,23844,23890,23910,23898,23837,
240,22,22, 04.03.2026 12:23:41,0,40340,33425,23993,23595,23602,23635,23649,23644,23622,37663,32029,24281,23837,23851,23868,23910,23916,23847,
241,22,22, 04.03.2026 12:23:41,1,40271,33451,24047,23617,23637,23664,23660,23630,23660,37636,32027,24277,23847,23837,23902,23923,23916,23877,
242,22,22, 04.03.2026 12:23:41,2,40351,33470,24014,23620,23655,23650,23646,23627,23654,37708,32050,24280,23850,23836,23896,23922,23902,23844,
243,22,22, 04.03.2026 12:23:41,3,40339,33451,23999,23607,23640,23629,23669,23636,23645,37680,32029,24309,23868,23854,23864,23930,23902,23840,
244,22,22, 04.03.2026 12:23:41,4,40370,33431,24046,23611,23620,23642,23658,23650,23673,37642,32067,24247,23862,23841,23875,23930,23898,23846,
245,22,22, 04.03.2026 12:23:41,5,40338,33482,24054,23596,23630,23630,23673,23676,23657,37669,32035,24278,23855,23820,23913,23896,23908,23843,
246,22,22, 04.03.2026 12:23:41,6,40353,33448,24027,23612,23612,23644,23664,23627,23656,37612,32055,24271,23837,23845,23874,23939,23905,23832,
247,22,22, 04.03.2026 12:23:41,7,40314,33462,24060,23608,23655,23632,23656,23685,23653,37649,32062,24272,23866,23843,23855,23927,23908,23826,
248,22,22, 04.03.2026 12:23:41,8,40327,33456,24039,23599,23645,23661,23662,23672,23648,37650,32071,24295,23878,23831,23900,23913,23890,23830,
249,22,22, 04.03.2026 12:23:41,9,40291,33491,24037,23608,23600,23641,23657,23671,23656,37624,32063,24275,23842,23862,23910,23914,23923,23831,
250,23,23, 04.03.2026 12:23:42,0,40253,34427,24364,23595,23643,23619,23648,23641,23618,37645,32879,24569,23874,23847,23897,23917,23919,23856,
251,23,23, 04.03.2026 12:23:42,1,40224,34429,24376,23600,23645,23626,23650,23647,23668,37623,32871,24587,23879,23853,23898,23919,23950,23904,
252,23,23, 04.03.2026 12:23:42,2,40214,34436,24370,23585,23626,23651,23657,23657,23634,37600,32881,24563,23875,23854,23870,23926,23910,23866,
253,23,23, 04.03.2026 12:23:42,3,40211,34457,24415,23602,23645,23655,23658,23667,23656,37603,32875,24558,23848,23860,23902,23923,23910,23850,
254,23,23, 04.03.2026 12:23:42,4,40237,34440,24387,23611,23635,23621,23659,23684,23648,37635,32888,24568,23867,23843,23907,23925,23936,23871,
255,23,23, 04.03.2026 12:23:42,5,40265,34438,24393,23620,23643,23640,23658,23661,23644,37633,32877,24582,23862,23868,23901,23911,23958,23874,
256,23,23, 04.03.2026 12:23:42,6,40199,34437,24397,23598,23653,23636,23712,23653,23653,37619,32873,24589,23854,23859,23904,23929,23910,23845,
257,23,23, 04.03.2026 12:23:42,7,40224,34431,24378,23570,23646,23669,23653,23619,23633,37626,32877,24572,23840,23862,23905,23938,23911,23845,
258,23,23, 04.03.2026 12:23:42,8,40219,34477,24380,23599,23627,23658,23661,23672,23656,37647,32874,24583,23846,23836,23881,23928,23926,23824,
259,23,23, 04.03.2026 12:23:42,9,40248,34452,24379,23597,23616,23618,23679,23663,23664,37600,32896,24559,23893,23842,23904,23942,23945,23863,
260,24,24, 04.03.2026 12:23:43,0,40122,35567,24987,23592,23631,23649,23648,23667,23672,37530,33865,25045,23898,23853,23876,23959,23934,23892,
261,24,24, 04.03.2026 12:23:43,1,40146,35611,24957,23592,23613,23659,23672,23684,23666,37576,33863,25055,23882,23858,23925,23947,23949,23872,
262,24,24, 04.03.2026 12:23:43,2,40168,35618,24996,23621,23617,23644,23659,23658,23643,37573,33863,25060,23902,23869,23946,23946,23948,23889,
263,24,24, 04.03.2026 12:23:43,3,40116,35615,24982,23581,23609,23628,23683,23634,23655,37519,33851,25099,23854,23855,23899,23947,23928,23858,
264,24,24, 04.03.2026 12:23:43,4,40124,35586,24991,23596,23638,23670,23640,23652,23665,37545,33870,25074,23892,23864,23897,23944,23903,23842,
265,24,24, 04.03.2026 12:23:43,5,40113,35611,24996,23619,23602,23662,23666,23667,23635,37574,33860,25070,23877,23840,23910,23921,23928,23842,
266,24,24, 04.03.2026 12:23:43,6,40069,35617,25006,23605,23630,23643,23665,23646,23647,37565,33861,25088,23902,23854,23894,23929,23939,23857,
267,24,24, 04.03.2026 12:23:43,7,40141,35585,24998,23597,23640,23638,23661,23665,23643,37566,33863,25096,23895,23866,23898,23940,23952,23887,
268,24,24, 04.03.2026 12:23:43,8,40144,35608,25007,23578,23644,23636,23654,23674,23655,37581,33901,25103,23884,23857,23907,23944,23950,23877,
269,24,24, 04.03.2026 12:23:43,9,40125,35617,25004,23572,23631,23637,23662,23663,23667,37571,33874,25070,23897,23844,23899,23953,23914,23845,
270,25,25, 04.03.2026 12:23:44,0,40095,36101,25384,23601,23638,23645,23642,23651,23681,37544,34294,25415,23895,23851,23929,23969,23936,23877,
271,25,25, 04.03.2026 12:23:44,1,40120,36125,25405,23602,23616,23652,23640,23659,23687,37561,34294,25410,23881,23869,23920,23937,23940,23880,
272,25,25, 04.03.2026 12:23:44,2,40076,36167,25428,23607,23627,23639,23667,23665,23644,37541,34311,25451,23900,23853,23899,23955,23949,23884,
273,25,25, 04.03.2026 12:23:44,3,40053,36137,25458,23613,23628,23646,23672,23664,23634,37532,34344,25442,23885,23875,23925,23928,23935,23889,
274,25,25, 04.03.2026 12:23:44,4,40100,36142,25423,23593,23616,23667,23677,23681,23673,37531,34334,25460,23884,23834,23935,23954,23918,23876,
275,25,25, 04.03.2026 12:23:44,5,40105,36181,25460,23616,23627,23634,23669,23684,23649,37533,34335,25478,23882,23847,23934,23966,23957,23859,
276,25,25, 04.03.2026 12:23:44,6,40071,36138,25458,23594,23638,23639,23644,23664,23675,37535,34323,25489,23895,23858,23924,23949,23944,23887,
277,25,25, 04.03.2026 12:23:44,7,40056,36171,25495,23588,23630,23648,23665,23650,23650,37557,34359,25487,23894,23886,23921,23937,23947,23888,
278,25,25, 04.03.2026 12:23:44,8,40061,36205,25485,23598,23631,23642,23654,23668,23682,37511,34347,25499,23922,23867,23941,23959,23925,23881,
279,25,25, 04.03.2026 12:23:44,9,40104,36196,25472,23600,23627,23645,23636,23636,23662,37564,34380,25467,23893,23853,23939,23973,23910,23881,
280,26,26, 04.03.2026 12:23:45,0,40088,36632,25871,23600,23616,23647,23685,23683,23657,37544,34711,25850,23898,23881,23927,23951,23930,23877,
281,26,26, 04.03.2026 12:23:45,1,40018,36611,25931,23609,23601,23643,23672,23667,23676,37549,34749,25833,23892,23862,23909,23969,23963,23878,
282,26,26, 04.03.2026 12:23:45,2,40015,36627,25904,23614,23591,23631,23681,23688,23653,37529,34735,25840,23910,23890,23917,23964,23942,23889,
283,26,26, 04.03.2026 12:23:45,3,40036,36636,25887,23640,23628,23661,23675,23644,23655,37524,34727,25850,23911,23870,23911,23957,23942,23854,
284,26,26, 04.03.2026 12:23:45,4,40020,36589,25916,23588,23642,23649,23647,23645,23645,37539,34732,25840,23890,23890,23932,23959,23950,23885,
285,26,26, 04.03.2026 12:23:45,5,40079,36638,25945,23582,23634,23646,23675,23655,23646,37521,34732,25842,23898,23860,23889,23980,23961,23866,
286,26,26, 04.03.2026 12:23:45,6,40047,36619,25962,23610,23646,23647,23665,23692,23652,37503,34737,25863,23929,23900,23924,23945,23947,23897,
287,26,26, 04.03.2026 12:23:45,7,40057,36670,25916,23598,23640,23662,23668,23666,23630,37515,34781,25856,23893,23860,23921,23982,23958,23893,
288,26,26, 04.03.2026 12:23:45,8,40071,36675,25947,23638,23619,23633,23664,23661,23673,37534,34747,25879,23900,23869,23938,23947,23939,23888,
289,26,26, 04.03.2026 12:23:45,9,40064,36637,25956,23565,23635,23660,23676,23648,23661,37547,34760,25875,23898,23878,23928,23977,23959,23869,
290,27,27, 04.03.2026 12:23:45,0,40055,37118,26501,23608,23627,23649,23664,23661,23699,37528,35148,26319,23916,23885,23934,23971,23956,23906,
291,27,27, 04.03.2026 12:23:45,1,39988,37117,26488,23614,23623,23650,23667,23655,23670,37510,35173,26327,23916,23874,23932,23980,23966,23905,
292,27,27, 04.03.2026 12:23:45,2,40040,37120,26455,23614,23602,23654,23648,23636,23667,37521,35165,26344,23918,23886,23925,23939,23956,23892,
293,27,27, 04.03.2026 12:23:45,3,39998,37085,26473,23593,23623,23654,23665,23627,23621,37551,35203,26333,23906,23871,23930,23979,23954,23874,
294,27,27, 04.03.2026 12:23:45,4,39988,37146,26498,23610,23628,23632,23668,23629,23618,37546,35177,26315,23905,23918,23924,23944,23955,23902,
295,27,27, 04.03.2026 12:23:45,5,40038,37118,26507,23637,23632,23658,23681,23672,23638,37504,35140,26335,23902,23852,23942,23962,23976,23875,
296,27,27, 04.03.2026 12:23:45,6,40029,37130,26475,23604,23613,23652,23643,23650,23665,37521,35152,26317,23895,23897,23947,23963,23956,23875,
297,27,27, 04.03.2026 12:23:45,7,40003,37132,26463,23583,23642,23673,23666,23665,23672,37531,35169,26343,23906,23867,23927,23973,23956,23903,
298,27,27, 04.03.2026 12:23:45,8,40081,37103,26484,23648,23639,23655,23650,23662,23647,37515,35124,26345,23941,23883,23917,23962,23959,23886,
299,27,27, 04.03.2026 12:23:45,9,40043,37140,26469,23615,23628,23627,23654,23656,23658,37503,35181,26334,23886,23915,23950,23956,23970,23875,
300,28,28, 04.03.2026 12:23:46,0,39975,37480,26995,23592,23669,23663,23679,23667,23665,37507,35481,26750,23936,23890,23934,23996,23949,23904,
301,28,28, 04.03.2026 12:23:46,1,39986,37500,27003,23625,23626,23650,23665,23654,23669,37477,35462,26762,23915,23874,23923,23973,23953,23897,
302,28,28, 04.03.2026 12:23:46,2,40018,37481,26994,23644,23657,23640,23664,23678,23646,37486,35449,26760,23937,23879,23923,23986,23982,23922,
303,28,28, 04.03.2026 12:23:46,3,39998,37488,26975,23608,23637,23645,23657,23631,23655,37502,35476,26775,23906,23891,23950,23971,23963,23904,
304,28,28, 04.03.2026 12:23:46,4,40019,37500,27018,23622,23640,23641,23664,23643,23661,37491,35455,26746,23918,23896,23929,23949,23962,23924,
305,28,28, 04.03.2026 12:23:46,5,40028,37444,27016,23610,23654,23656,23660,23684,23661,37470,35481,26749,23906,23900,23943,23977,23974,23893,
306,28,28, 04.03.2026 12:23:46,6,40010,37470,27015,23618,23622,23643,23672,23638,23619,37523,35452,26756,23933,23887,23912,23976,23970,23893,
307,28,28, 04.03.2026 12:23:46,7,39964,37527,26997,23610,23635,23660,23671,23666,23658,37517,35449,26791,23904,23877,23896,23998,23954,23897,
308,28,28, 04.03.2026 12:23:46,8,39946,37472,27008,23597,23615,23643,23685,23649,23645,37529,35473,26758,23915,23898,23941,23973,23960,23876,
309,28,28, 04.03.2026 12:23:46,9,40006,37512,27012,23629,23620,23632,23621,23639,23666,37518,35453,26787,23916,23883,23951,23974,23941,23892,
310,29,29, 04.03.2026 12:23:47,0,39959,37860,27708,23629,23631,23638,23670,23658,23640,37472,35816,27361,23955,23908,23934,24002,23956,23895,
311,29,29, 04.03.2026 12:23:47,1,39914,37855,27726,23610,23636,23664,23652,23669,23637,37485,35785,27361,23911,23888,23937,23975,23976,23916,
312,29,29, 04.03.2026 12:23:47,2,39912,37815,27690,23617,23624,23664,23654,23668,23666,37519,35781,27372,23931,23906,23974,23968,23983,23894,
313,29,29, 04.03.2026 12:23:47,3,39946,37832,27700,23607,23629,23682,23669,23674,23633,37456,35797,27367,23926,23890,23948,24000,23991,23868,
314,29,29, 04.03.2026 12:23:47,4,39954,37857,27735,23608,23653,23624,23676,23660,23665,37508,35797,27351,23922,23899,23959,24001,23965,23899,
315,29,29, 04.03.2026 12:23:47,5,39960,37834,27688,23625,23637,23633,23669,23671,23651,37479,35796,27377,23933,23899,23937,23985,23996,23892,
316,29,29, 04.03.2026 12:23:47,6,39897,37863,27761,23594,23638,23624,23683,23660,23676,37510,35801,27386,23924,23894,23928,24005,23960,23926,
317,29,29, 04.03.2026 12:23:47,7,39952,37852,27703,23604,23615,23657,23637,23624,23668,37479,35803,27370,23948,23898,23932,23999,24003,23905,
318,29,29, 04.03.2026 12:23:47,8,39947,37868,27722,23607,23642,23645,23706,23672,23627,37495,35785,27357,23909,23899,23939,23998,23960,23885,
319,29,29, 04.03.2026 12:23:47,9,39961,37883,27746,23637,23644,23660,23656,23653,23662,37513,35826,27401,23945,23904,23934,23991,23952,23891,
320,30,30, 04.03.2026 12:23:48,0,39878,38158,28587,23613,23646,23612,23670,23671,23642,37460,36047,28087,23942,23920,23943,23983,24007,23928,
321,30,30, 04.03.2026 12:23:48,1,39868,38157,28584,23636,23634,23626,23648,23654,23648,37462,36048,28134,23922,23894,23935,23951,23998,23937,
322,30,30, 04.03.2026 12:23:48,2,39916,38167,28591,23634,23634,23654,23658,23663,23649,37468,36028,28095,23914,23922,23967,23978,23995,23898,
323,30,30, 04.03.2026 12:23:48,3,39880,38140,28568,23626,23655,23637,23658,23659,23669,37489,36049,28103,23938,23919,23953,23981,23976,23881,
324,30,30, 04.03.2026 12:23:48,4,39892,38170,28589,23616,23632,23643,23626,23670,23628,37483,36033,28105,23940,23910,23955,24016,23978,23903,
325,30,30, 04.03.2026 12:23:48,5,39880,38143,28580,23621,23607,23648,23664,23663,23633,37453,36029,28085,23926,23900,23950,24005,23984,23908,
326,30,30, 04.03.2026 12:23:48,6,39905,38170,28582,23635,23638,23650,23647,23650,23658,37456,36063,28113,23932,23904,23948,23990,23970,23906,
327,30,30, 04.03.2026 12:23:48,7,39906,38146,28593,23619,23642,23656,23662,23672,23644,37467,36060,28107,23932,23897,23946,24009,23988,23897,
328,30,30, 04.03.2026 12:23:48,8,39885,38166,28587,23622,23598,23632,23645,23658,23637,37496,36049,28085,23936,23919,23962,23979,23980,23908,
329,30,30, 04.03.2026 12:23:48,9,39895,38191,28581,23647,23625,23647,23692,23658,23672,37488,36077,28113,23957,23913,23929,24032,23983,23916,
330,31,31, 04.03.2026 12:23:49,0,39826,38402,29685,23630,23578,23639,23669,23612,23642,37461,36283,29084,23977,23884,23950,23996,23959,23911,
331,31,31, 04.03.2026 12:23:49,1,39855,38420,29672,23657,23617,23650,23632,23662,23628,37447,36274,29060,23980,23927,23944,24001,23989,23910,
332,31,31, 04.03.2026 12:23:49,2,39841,38389,29709,23614,23637,23645,23664,23654,23637,37451,36273,29087,23975,23926,23956,23995,23977,23928,
333,31,31, 04.03.2026 12:23:49,3,39833,38383,29735,23643,23630,23656,23641,23660,23650,37420,36287,29070,23991,23942,23942,24001,24002,23900,
334,31,31, 04.03.2026 12:23:49,4,39816,38429,29730,23629,23603,23648,23611,23642,23652,37423,36260,29075,23981,23922,23960,23986,24007,23922,
335,31,31, 04.03.2026 12:23:49,5,39798,38399,29710,23636,23631,23651,23664,23640,23656,37400,36265,29088,23970,23931,23953,23974,23982,23911,
336,31,31, 04.03.2026 12:23:49,6,39826,38446,29733,23641,23634,23648,23669,23662,23678,37430,36270,29102,23981,23910,23957,23998,23998,23908,
337,31,31, 04.03.2026 12:23:49,7,39766,38428,29730,23631,23645,23656,23642,23650,23634,37430,36271,29083,23967,23931,23971,24010,24003,23944,
338,31,31, 04.03.2026 12:23:49,8,39813,38388,29733,23635,23609,23663,23668,23658,23663,37437,36295,29095,23976,23932,23936,23983,24000,23897,
339,31,31, 04.03.2026 12:23:49,9,39829,38413,29722,23630,23638,23634,23671,23686,23638,37430,36291,29088,23978,23914,23943,24024,23982,23925,
340,32,32, 04.03.2026 12:23:50,0,39806,38513,30374,23670,23621,23635,23682,23662,23649,37454,36383,29700,24007,23920,23965,24012,24024,23934,
341,32,32, 04.03.2026 12:23:50,1,39832,38509,30406,23649,23598,23632,23666,23663,23656,37407,36386,29684,24031,23932,23947,24005,24016,23920,
342,32,32, 04.03.2026 12:23:50,2,39826,38484,30378,23669,23608,23667,23643,23654,23640,37415,36368,29719,24019,23934,23969,24009,24014,23919,
343,32,32, 04.03.2026 12:23:50,3,39811,38527,30400,23697,23646,23639,23658,23626,23620,37435,36383,29690,24029,23950,23973,24025,23995,23895,
344,32,32, 04.03.2026 12:23:50,4,39799,38519,30429,23700,23621,23624,23658,23657,23651,37430,36367,29688,23978,23927,23968,24012,24010,23918,
345,32,32, 04.03.2026 12:23:50,5,39830,38534,30407,23670,23625,23657,23666,23667,23616,37421,36379,29706,24024,23928,23977,23999,23984,23924,
346,32,32, 04.03.2026 12:23:50,6,39790,38499,30414,23689,23602,23632,23653,23668,23666,37434,36393,29707,24014,23913,23971,24016,24011,23936,
347,32,32, 04.03.2026 12:23:50,7,39844,38519,30393,23698,23625,23669,23670,23678,23649,37411,36373,29730,24016,23926,23971,23983,24024,23935,
348,32,32, 04.03.2026 12:23:50,8,39818,38518,30420,23666,23596,23639,23690,23620,23658,37461,36357,29705,24010,23928,23970,24006,24001,23909,
349,32,32, 04.03.2026 12:23:50,9,39844,38504,30414,23671,23638,23618,23676,23655,23648,37409,36406,29723,24013,23907,23948,24015,24012,23909,
350,33,33, 04.03.2026 12:23:51,0,39809,38575,31346,23764,23573,23623,23669,23663,23630,37401,36422,30518,24096,23942,23961,24029,24025,23921,
351,33,33, 04.03.2026 12:23:51,1,39740,38576,31382,23765,23619,23655,23630,23664,23655,37430,36427,30528,24077,23918,23977,24035,24017,23928,
352,33,33, 04.03.2026 12:23:51,2,39789,38598,31414,23771,23648,23633,23679,23631,23654,37415,36453,30557,24080,23930,23970,24039,24040,23920,
353,33,33, 04.03.2026 12:23:51,3,39811,38604,31441,23749,23606,23633,23662,23661,23674,37395,36433,30574,24080,23910,23985,24028,24006,23931,
354,33,33, 04.03.2026 12:23:51,4,39755,38552,31454,23753,23617,23653,23680,23686,23664,37393,36460,30595,24103,23937,23973,24013,24022,23929,
355,33,33, 04.03.2026 12:23:51,5,39757,38550,31452,23794,23626,23619,23640,23667,23643,37412,36402,30620,24083,23932,23977,24041,24022,23954,
356,33,33, 04.03.2026 12:23:51,6,39748,38560,31486,23741,23659,23633,23681,23663,23634,37436,36435,30599,24114,23937,23963,24040,24030,23928,
357,33,33, 04.03.2026 12:23:51,7,39757,38578,31470,23790,23605,23663,23634,23654,23638,37400,36428,30630,24101,23928,23971,24033,23999,23933,
358,33,33, 04.03.2026 12:23:51,8,39757,38585,31485,23776,23624,23659,23627,23677,23655,37412,36408,30658,24104,23934,23952,23995,24006,23960,
359,33,33, 04.03.2026 12:23:51,9,39755,38586,31532,23759,23637,23643,23711,23652,23653,37398,36427,30684,24121,23939,23995,24046,24014,23936,
360,34,34, 04.03.2026 12:23:52,0,39728,38596,32272,23912,23622,23626,23664,23660,23642,37373,36450,31342,24243,23953,23995,24038,24031,23962,
361,34,34, 04.03.2026 12:23:52,1,39736,38564,32327,23939,23607,23626,23670,23659,23634,37402,36433,31333,24210,23945,23967,24054,24024,23921,
362,34,34, 04.03.2026 12:23:52,2,39716,38536,32325,23934,23630,23650,23667,23647,23654,37397,36434,31323,24221,23945,23985,24050,23982,23935,
363,34,34, 04.03.2026 12:23:52,3,39751,38527,32317,23934,23633,23646,23664,23647,23650,37407,36417,31317,24245,23931,23981,24032,24009,23918,
364,34,34, 04.03.2026 12:23:52,4,39714,38561,32319,23932,23613,23631,23666,23660,23631,37386,36439,31352,24246,23901,24006,24047,24012,23906,
365,34,34, 04.03.2026 12:23:52,5,39723,38559,32332,23919,23622,23647,23654,23647,23638,37417,36427,31324,24244,23942,23978,24041,24024,23957,
366,34,34, 04.03.2026 12:23:52,6,39701,38586,32345,23930,23635,23647,23684,23658,23687,37442,36463,31332,24247,23919,23966,24059,24020,23960,
367,34,34, 04.03.2026 12:23:52,7,39728,38568,32331,23945,23671,23665,23686,23660,23650,37407,36452,31355,24230,23913,24011,24024,24030,23948,
368,34,34, 04.03.2026 12:23:52,8,39720,38572,32338,23939,23608,23637,23634,23663,23621,37413,36405,31358,24235,23942,23992,24032,24034,23964,
369,34,34, 04.03.2026 12:23:52,9,39733,38576,32354,23922,23622,23647,23690,23660,23633,37396,36421,31357,24264,23927,23976,24040,24032,23957,
370,35,35, 04.03.2026 12:23:53,0,39700,38521,33060,24115,23627,23670,23647,23646,23634,37435,36465,31965,24377,23962,23995,24057,24044,23960,
371,35,35, 04.03.2026 12:23:53,1,39679,38527,33040,24108,23631,23631,23659,23676,23643,37389,36460,31967,24389,23949,23990,24055,24040,23913,
372,35,35, 04.03.2026 12:23:53,2,39668,38533,33057,24093,23632,23640,23665,23666,23641,37385,36432,31959,24380,23941,23998,24063,24020,23940,
373,35,35, 04.03.2026 12:23:53,3,39760,38535,33070,24103,23656,23662,23626,23651,23663,37394,36415,32003,24398,23928,24019,24054,24033,23960,
374,35,35, 04.03.2026 12:23:53,4,39709,38552,33092,24114,23628,23638,23650,23649,23643,37385,36438,31999,24383,23949,23992,24041,24029,23970,
375,35,35, 04.03.2026 12:23:53,5,39739,38572,33084,24093,23631,23666,23636,23660,23633,37394,36450,31996,24382,23948,23997,24033,24032,23935,
376,35,35, 04.03.2026 12:23:53,6,39705,38558,33125,24116,23597,23640,23660,23685,23658,37403,36446,31990,24391,23960,23984,24049,24037,23961,
377,35,35, 04.03.2026 12:23:53,7,39706,38540,33117,24087,23612,23632,23647,23658,23637,37401,36439,31988,24401,23953,23989,24043,24014,23953,
378,35,35, 04.03.2026 12:23:53,8,39715,38555,33105,24120,23627,23652,23681,23675,23624,37396,36456,31974,24402,23932,23995,24032,24020,23943,
379,35,35, 04.03.2026 12:23:53,9,39689,38557,33145,24101,23621,23607,23633,23672,23640,37408,36431,32005,24409,23955,23992,24040,24040,23933,
380,36,36, 04.03.2026 12:23:54,0,39682,38500,33938,24449,23620,23637,23648,23663,23657,37366,36427,32724,24641,23953,23998,24038,24042,23926,
381,36,36, 04.03.2026 12:23:54,1,39654,38466,33965,24429,23648,23654,23644,23654,23628,37338,36423,32722,24679,23949,24005,24035,24060,23967,
382,36,36, 04.03.2026 12:23:54,2,39599,38510,33966,24435,23589,23652,23676,23696,23644,37357,36403,32717,24652,23964,23973,24049,24041,23967,
383,36,36, 04.03.2026 12:23:54,3,39654,38506,33949,24434,23633,23636,23653,23654,23598,37337,36427,32707,24671,23976,24012,24074,24009,23970,
384,36,36, 04.03.2026 12:23:54,4,39637,38514,33959,24410,23628,23638,23639,23653,23679,37376,36426,32744,24670,23930,24004,24049,24056,23948,
385,36,36, 04.03.2026 12:23:54,5,39669,38480,33988,24470,23627,23639,23658,23641,23636,37384,36400,32739,24700,23949,24001,24030,24035,23940,
386,36,36, 04.03.2026 12:23:54,6,39587,38482,33964,24458,23603,23641,23671,23644,23610,37372,36413,32726,24663,23948,24002,24051,24026,23932,
387,36,36, 04.03.2026 12:23:54,7,39656,38495,33954,24459,23649,23644,23661,23643,23649,37367,36427,32748,24656,23968,23980,24058,24042,23959,
388,36,36, 04.03.2026 12:23:54,8,39678,38522,33950,24446,23656,23648,23613,23656,23652,37338,36435,32721,24667,23967,24009,24057,24041,23984,
389,36,36, 04.03.2026 12:23:54,9,39632,38524,33956,24434,23615,23646,23677,23640,23645,37367,36419,32728,24682,23954,24026,24041,24060,23943,
390,37,37, 04.03.2026 12:23:54,0,39636,38479,34497,24739,23626,23644,23662,23631,23622,37345,36427,33177,24904,23983,23998,24061,24050,23941,
391,37,37, 04.03.2026 12:23:54,1,39631,38488,34511,24733,23627,23646,23645,23677,23631,37362,36411,33230,24881,23950,24009,24061,24054,23937,
392,37,37, 04.03.2026 12:23:54,2,39608,38472,34566,24730,23668,23648,23664,23650,23623,37343,36380,33228,24907,23955,24007,24065,24030,23959,
393,37,37, 04.03.2026 12:23:54,3,39602,38438,34565,24737,23635,23625,23660,23656,23627,37339,36428,33272,24911,23962,24020,24064,24023,23957,
394,37,37, 04.03.2026 12:23:54,4,39657,38444,34584,24738,23591,23635,23645,23630,23635,37348,36426,33265,24907,23972,24016,24060,24030,23929,
395,37,37, 04.03.2026 12:23:54,5,39666,38471,34587,24766,23590,23647,23645,23635,23606,37343,36377,33251,24910,23957,24014,24053,24034,23974,
396,37,37, 04.03.2026 12:23:54,6,39606,38449,34606,24718,23635,23635,23656,23664,23660,37352,36410,33254,24926,23947,23997,24049,24044,23969,
397,37,37, 04.03.2026 12:23:54,7,39693,38471,34565,24721,23618,23637,23608,23627,23627,37353,36394,33277,24929,23941,24026,24047,24075,23928,
398,37,37, 04.03.2026 12:23:54,8,39594,38464,34585,24744,23611,23636,23660,23658,23634,37344,36422,33272,24898,23952,24010,24074,24025,23970,
399,37,37, 04.03.2026 12:23:54,9,39666,38482,34629,24767,23630,23655,23676,23658,23620,37343,36401,33277,24939,23937,23990,24031,24039,23971,
400,38,38, 04.03.2026 12:23:55,0,39623,38472,35022,25028,23628,23624,23648,23678,23625,37354,36392,33632,25155,23962,23984,24081,24048,23953,
401,38,38, 04.03.2026 12:23:55,1,39622,38446,34994,25011,23633,23634,23661,23654,23647,37322,36414,33648,25165,23949,24027,24058,24065,23958,
402,38,38, 04.03.2026 12:23:55,2,39627,38438,35009,25063,23622,23632,23685,23688,23644,37368,36395,33647,25155,23975,24023,24079,24046,23961,
403,38,38, 04.03.2026 12:23:55,3,39573,38443,35006,25030,23625,23662,23637,23622,23654,37304,36389,33617,25174,23971,24009,24060,24058,23983,
404,38,38, 04.03.2026 12:23:55,4,39607,38458,35025,25019,23633,23616,23677,23652,23609,37345,36382,33647,25164,23964,24013,24079,24044,23992,
405,38,38, 04.03.2026 12:23:55,5,39657,38438,35000,25023,23622,23648,23679,23655,23640,37342,36398,33632,25151,23966,24020,24075,24080,23973,
406,38,38, 04.03.2026 12:23:55,6,39661,38487,35016,25038,23607,23636,23649,23673,23617,37317,36395,33633,25164,23971,24002,24058,24048,23930,
407,38,38, 04.03.2026 12:23:55,7,39643,38472,35022,25023,23633,23625,23658,23662,23645,37347,36403,33623,25178,23943,24027,24039,24067,23955,
408,38,38, 04.03.2026 12:23:55,8,39608,38471,35012,25005,23610,23671,23646,23665,23650,37352,36408,33636,25182,23971,24028,24059,24062,23960,
409,38,38, 04.03.2026 12:23:55,9,39639,38443,35017,24995,23629,23649,23649,23654,23610,37341,36405,33638,25165,23960,24011,24081,24058,23967,
410,39,39, 04.03.2026 12:23:56,0,39589,38426,35589,25444,23617,23634,23684,23666,23635,37328,36402,34098,25529,23944,24026,24081,24046,23970,
411,39,39, 04.03.2026 12:23:56,1,39581,38421,35598,25472,23611,23627,23654,23704,23631,37318,36383,34115,25550,23962,24019,24081,24061,23943,
412,39,39, 04.03.2026 12:23:56,2,39561,38419,35634,25498,23607,23594,23658,23643,23625,37337,36361,34144,25564,23958,24027,24082,24027,23977,
413,39,39, 04.03.2026 12:23:56,3,39543,38431,35623,25491,23590,23631,23660,23665,23632,37328,36396,34150,25566,24009,24008,24070,24052,23995,
414,39,39, 04.03.2026 12:23:56,4,39543,38405,35658,25506,23611,23620,23654,23658,23654,37332,36394,34160,25557,23990,24032,24074,24052,23986,
415,39,39, 04.03.2026 12:23:56,5,39609,38403,35635,25505,23601,23632,23659,23634,23626,37318,36398,34160,25564,23993,24035,24079,24053,23957,
416,39,39, 04.03.2026 12:23:56,6,39541,38388,35642,25546,23644,23631,23658,23650,23628,37339,36395,34179,25581,23991,24026,24056,24039,23985,
417,39,39, 04.03.2026 12:23:56,7,39559,38422,35677,25571,23600,23626,23642,23692,23633,37285,36394,34192,25595,24000,24047,24074,24056,23988,
418,39,39, 04.03.2026 12:23:56,8,39612,38401,35685,25544,23617,23631,23671,23666,23624,37314,36399,34182,25636,23977,24018,24105,24076,23947,
419,39,39, 04.03.2026 12:23:56,9,39572,38382,35704,25559,23618,23655,23635,23668,23616,37331,36388,34192,25625,23967,24040,24083,24058,23968,
420,40,40, 04.03.2026 12:23:57,0,39522,38364,36415,26231,23598,23626,23625,23664,23678,37282,36375,34819,26211,24002,24043,24077,24084,23954,
421,40,40, 04.03.2026 12:23:57,1,39531,38343,36369,26244,23642,23624,23675,23665,23613,37265,36383,34780,26194,23949,24057,24056,24034,23983,
422,40,40, 04.03.2026 12:23:57,2,39513,38364,36392,26256,23619,23630,23678,23647,23628,37291,36385,34780,26205,23972,24045,24101,24088,23986,
423,40,40, 04.03.2026 12:23:57,3,39536,38373,36387,26269,23635,23657,23649,23676,23641,37296,36367,34776,26203,24026,24020,24078,24070,23994,
424,40,40, 04.03.2026 12:23:57,4,39536,38366,36382,26270,23631,23668,23655,23648,23640,37344,36355,34809,26215,23999,24044,24090,24092,23978,
425,40,40, 04.03.2026 12:23:57,5,39529,38366,36360,26257,23638,23647,23674,23658,23667,37307,36355,34777,26215,23999,24032,24086,24098,23997,
426,40,40, 04.03.2026 12:23:57,6,39479,38338,36382,26256,23612,23661,23618,23640,23647,37289,36380,34787,26211,23973,24044,24101,24078,23998,
427,40,40, 04.03.2026 12:23:57,7,39538,38378,36380,26267,23620,23639,23664,23632,23654,37309,36368,34789,26226,24004,24039,24099,24087,23994,
428,40,40, 04.03.2026 12:23:57,8,39521,38387,36399,26285,23666,23631,23646,23670,23597,37307,36384,34801,26225,23992,24021,24106,24072,23987,
429,40,40, 04.03.2026 12:23:57,9,39482,38343,36385,26275,23623,23650,23659,23702,23658,37354,36391,34812,26205,24015,24031,24108,24056,23980,
430,41,41, 04.03.2026 12:23:58,0,39449,38325,36926,27068,23607,23662,23663,23684,23648,37331,36350,35281,26905,24010,24061,24088,24074,24014,
431,41,41, 04.03.2026 12:23:58,1,39467,38331,36953,27095,23592,23633,23642,23651,23601,37260,36359,35268,26913,24004,24061,24113,24078,23994,
432,41,41, 04.03.2026 12:23:58,2,39493,38332,36951,27070,23649,23637,23674,23651,23672,37267,36359,35280,26925,24002,24020,24071,24088,23993,
433,41,41, 04.03.2026 12:23:58,3,39477,38323,36938,27080,23640,23656,23678,23646,23638,37295,36346,35271,26918,24008,24040,24108,24086,24010,
434,41,41, 04.03.2026 12:23:58,4,39482,38348,36924,27119,23633,23629,23661,23634,23632,37295,36349,35289,26918,23993,24057,24104,24086,23961,
435,41,41, 04.03.2026 12:23:58,5,39523,38309,36918,27121,23618,23638,23691,23676,23632,37282,36377,35279,26927,24006,24058,24077,24085,23998,
436,41,41, 04.03.2026 12:23:58,6,39475,38306,36957,27090,23652,23641,23656,23656,23662,37285,36357,35269,26893,24028,24051,24124,24110,23974,
437,41,41, 04.03.2026 12:23:58,7,39478,38321,36947,27124,23608,23673,23647,23663,23616,37280,36333,35278,26903,24013,24026,24107,24072,23986,
438,41,41, 04.03.2026 12:23:58,8,39480,38335,36991,27142,23644,23661,23618,23688,23634,37283,36377,35283,26916,24017,24053,24084,24088,24004,
439,41,41, 04.03.2026 12:23:58,9,39449,38345,36989,27102,23658,23646,23672,23650,23632,37297,36347,35284,26925,24020,24055,24114,24083,23993,
440,42,42, 04.03.2026 12:23:59,0,39482,38306,37334,27848,23645,23672,23652,23636,23647,37289,36374,35624,27565,24019,24058,24111,24086,24012,
441,42,42, 04.03.2026 12:23:59,1,39468,38322,37350,27894,23612,23633,23660,23629,23619,37291,36373,35611,27575,24049,24076,24130,24071,23992,
442,42,42, 04.03.2026 12:23:59,2,39449,38294,37351,27883,23634,23637,23625,23673,23644,37281,36335,35631,27587,24056,24049,24125,24093,23985,
443,42,42, 04.03.2026 12:23:59,3,39446,38317,37370,27918,23622,23630,23646,23648,23638,37273,36405,35619,27589,24019,24049,24092,24072,23994,
444,42,42, 04.03.2026 12:23:59,4,39445,38269,37354,27902,23666,23632,23671,23648,23616,37274,36367,35626,27622,24038,24037,24103,24101,23967,
445,42,42, 04.03.2026 12:23:59,5,39446,38316,37382,27937,23629,23621,23672,23664,23624,37289,36337,35658,27593,24024,24071,24091,24113,23999,
446,42,42, 04.03.2026 12:23:59,6,39482,38324,37353,27908,23627,23666,23684,23662,23611,37280,36335,35635,27608,24039,24053,24132,24106,24025,
447,42,42, 04.03.2026 12:23:59,7,39458,38293,37368,27951,23647,23664,23669,23647,23629,37307,36346,35651,27604,24026,24043,24127,24101,24014,
448,42,42, 04.03.2026 12:23:59,8,39446,38312,37408,27947,23659,23623,23687,23682,23648,37261,36353,35637,27612,24049,24065,24122,24107,24011,
449,42,42, 04.03.2026 12:23:59,9,39496,38311,37385,27958,23648,23622,23668,23658,23672,37290,36354,35635,27622,24028,24071,24135,24117,23982,
450,43,43, 04.03.2026 12:23:59,0,39432,38277,37651,28680,23671,23630,23686,23670,23646,37283,36341,35866,28222,24062,24063,24105,24108,24008,
451,43,43, 04.03.2026 12:23:59,1,39405,38268,37644,28717,23637,23655,23672,23646,23603,37278,36355,35878,28253,24043,24084,24126,24114,24004,
452,43,43, 04.03.2026 12:23:59,2,39434,38282,37643,28682,23634,23638,23666,23652,23657,37263,36350,35886,28267,24036,24084,24109,24099,24014,
453,43,43, 04.03.2026 12:23:59,3,39400,38314,37672,28696,23624,23654,23640,23629,23651,37255,36335,35870,28258,24052,24064,24109,24084,24004,
454,43,43, 04.03.2026 12:23:59,4,39436,38285,37672,28686,23623,23635,23639,23684,23630,37260,36373,35913,28265,24024,24093,24118,24124,24018,
455,43,43, 04.03.2026 12:23:59,5,39409,38254,37656,28709,23655,23657,23653,23652,23636,37285,36329,35872,28271,24048,24040,24119,24092,24001,
456,43,43, 04.03.2026 12:23:59,6,39410,38310,37671,28717,23636,23616,23680,23632,23625,37291,36345,35871,28281,24022,24063,24079,24111,23993,
457,43,43, 04.03.2026 12:23:59,7,39427,38267,37648,28730,23647,23625,23641,23661,23631,37269,36357,35893,28296,24036,24067,24131,24128,24010,
458,43,43, 04.03.2026 12:23:59,8,39447,38321,37644,28722,23652,23646,23660,23653,23604,37289,36309,35876,28280,24040,24074,24108,24097,24025,
459,43,43, 04.03.2026 12:23:59,9,39424,38296,37659,28734,23637,23622,23659,23658,23648,37276,36341,35906,28292,24027,24085,24134,24099,24001,
460,44,44, 04.03.2026 12:24:00,0,39365,38267,37860,29485,23617,23647,23644,23664,23655,37284,36346,36045,28938,24069,24069,24152,24118,24023,
461,44,44, 04.03.2026 12:24:00,1,39342,38213,37856,29493,23657,23643,23650,23675,23619,37287,36323,36056,28955,24051,24080,24117,24129,23995,
462,44,44, 04.03.2026 12:24:00,2,39398,38260,37873,29508,23647,23617,23650,23628,23622,37280,36349,36071,28945,24060,24058,24124,24128,23995,
463,44,44, 04.03.2026 12:24:00,3,39390,38268,37867,29484,23658,23649,23668,23648,23625,37249,36324,36053,28972,24040,24061,24117,24127,23998,
464,44,44, 04.03.2026 12:24:00,4,39405,38231,37864,29524,23632,23642,23646,23661,23620,37259,36329,36066,28996,24050,24065,24123,24157,24043,
465,44,44, 04.03.2026 12:24:00,5,39365,38256,37826,29526,23679,23622,23644,23640,23643,37267,36352,36084,29006,24040,24071,24093,24094,24007,
466,44,44, 04.03.2026 12:24:00,6,39401,38251,37880,29550,23659,23604,23649,23662,23605,37270,36363,36058,28989,24068,24078,24117,24104,24007,
467,44,44, 04.03.2026 12:24:00,7,39381,38242,37853,29574,23644,23631,23684,23651,23637,37245,36330,36050,29019,24038,24075,24104,24102,23988,
468,44,44, 04.03.2026 12:24:00,8,39372,38243,37854,29567,23653,23653,23680,23660,23648,37239,36331,36057,29018,24080,24092,24136,24116,24010,
469,44,44, 04.03.2026 12:24:00,9,39375,38262,37847,29561,23628,23628,23650,23666,23643,37257,36324,36069,29056,24048,24073,24125,24119,23982,
470,45,45, 04.03.2026 12:24:00,0,39398,38238,38030,30356,23657,23642,23649,23678,23623,37258,36319,36216,29704,24100,24100,24151,24143,24043,
471,45,45, 04.03.2026 12:24:00,1,39370,38238,38024,30378,23714,23616,23689,23644,23628,37275,36339,36225,29745,24111,24090,24143,24124,24029,
472,45,45, 04.03.2026 12:24:00,2,39364,38225,38009,30388,23652,23622,23665,23628,23669,37252,36335,36210,29747,24089,24081,24144,24126,24043,
473,45,45, 04.03.2026 12:24:00,3,39339,38234,38010,30389,23685,23655,23657,23637,23618,37248,36317,36209,29743,24084,24081,24115,24118,24015,
474,45,45, 04.03.2026 12:24:00,4,39371,38202,37990,30411,23680,23606,23662,23663,23633,37260,36313,36209,29790,24075,24074,24124,24128,24038,
475,45,45, 04.03.2026 12:24:00,5,39364,38235,38037,30425,23670,23637,23690,23640,23637,37222,36329,36233,29796,24084,24073,24148,24119,24007,
476,45,45, 04.03.2026 12:24:00,6,39355,38219,38011,30428,23684,23642,23647,23675,23639,37248,36345,36211,29799,24096,24076,24148,24124,23997,
477,45,45, 04.03.2026 12:24:00,7,39360,38212,38015,30443,23654,23629,23676,23664,23668,37257,36315,36241,29813,24090,24102,24139,24132,24025,
478,45,45, 04.03.2026 12:24:00,8,39373,38206,38033,30399,23671,23658,23649,23654,23634,37249,36327,36241,29806,24097,24091,24109,24119,24031,
479,45,45, 04.03.2026 12:24:00,9,39374,38226,38018,30473,23672,23619,23667,23641,23625,37242,36338,36224,29834,24074,24081,24145,24137,24023,
480,46,46, 04.03.2026 12:24:01,0,39351,38185,38127,31343,23717,23641,23642,23639,23629,37276,36322,36293,30616,24145,24070,24160,24135,24036,
481,46,46, 04.03.2026 12:24:01,1,39352,38199,38138,31400,23764,23647,23651,23643,23651,37230,36326,36301,30618,24140,24102,24130,24136,24035,
482,46,46, 04.03.2026 12:24:01,2,39374,38198,38140,31366,23712,23610,23634,23664,23634,37247,36326,36315,30652,24169,24110,24153,24114,24033,
483,46,46, 04.03.2026 12:24:01,3,39366,38233,38142,31433,23729,23652,23682,23646,23665,37255,36330,36304,30629,24166,24071,24154,24126,24037,
484,46,46, 04.03.2026 12:24:01,4,39339,38207,38110,31481,23759,23642,23653,23633,23598,37239,36329,36316,30689,24149,24093,24142,24158,24028,
485,46,46, 04.03.2026 12:24:01,5,39359,38212,38116,31455,23704,23625,23635,23656,23636,37261,36321,36301,30642,24155,24086,24143,24129,24024,
486,46,46, 04.03.2026 12:24:01,6,39314,38234,38114,31449,23723,23605,23674,23648,23629,37221,36306,36325,30677,24145,24085,24146,24120,24043,
487,46,46, 04.03.2026 12:24:01,7,39305,38171,38099,31496,23721,23620,23674,23668,23628,37246,36300,36285,30675,24165,24101,24168,24130,24061,
488,46,46, 04.03.2026 12:24:01,8,39358,38188,38124,31491,23724,23641,23653,23617,23625,37229,36308,36316,30695,24131,24102,24156,24144,24037,
489,46,46, 04.03.2026 12:24:01,9,39360,38173,38129,31502,23724,23638,23636,23669,23620,37239,36305,36310,30707,24138,24072,24138,24132,24030,
490,47,47, 04.03.2026 12:24:02,0,39351,38197,38148,32200,23846,23628,23642,23655,23636,37230,36301,36331,31316,24250,24117,24151,24164,24042,
491,47,47, 04.03.2026 12:24:02,1,39320,38211,38120,32218,23802,23648,23659,23651,23625,37208,36326,36329,31293,24244,24119,24168,24154,24057,
492,47,47, 04.03.2026 12:24:02,2,39352,38164,38108,32240,23814,23654,23662,23638,23618,37237,36333,36326,31314,24222,24102,24148,24143,24041,
493,47,47, 04.03.2026 12:24:02,3,39322,38212,38144,32205,23832,23672,23657,23631,23630,37237,36315,36342,31314,24229,24098,24144,24153,24044,
494,47,47, 04.03.2026 12:24:02,4,39308,38208,38139,32238,23775,23607,23655,23663,23627,37242,36319,36332,31343,24235,24115,24136,24152,24045,
495,47,47, 04.03.2026 12:24:02,5,39284,38167,38156,32259,23800,23643,23622,23647,23628,37255,36345,36332,31350,24234,24119,24136,24145,24057,
496,47,47, 04.03.2026 12:24:02,6,39306,38153,38135,32306,23837,23639,23641,23640,23632,37267,36300,36307,31382,24235,24101,24168,24145,24043,
497,47,47, 04.03.2026 12:24:02,7,39303,38188,38120,32324,23779,23635,23616,23642,23620,37253,36313,36336,31432,24227,24083,24160,24142,24062,
498,47,47, 04.03.2026 12:24:02,8,39353,38196,38113,32359,23829,23654,23664,23646,23628,37233,36315,36353,31406,24217,24120,24168,24148,24092,
499,47,47, 04.03.2026 12:24:02,9,39323,38177,38156,32326,23852,23628,23648,23652,23610,37216,36341,36304,31417,24241,24115,24131,24125,24069,
500,48,48, 04.03.2026 12:24:03,0,39322,38161,38104,32987,23953,23660,23645,23674,23634,37277,36321,36354,31969,24357,24083,24165,24156,24046,
501,48,48, 04.03.2026 12:24:03,1,39346,38192,38120,32989,23977,23631,23642,23664,23629,37262,36335,36324,31994,24403,24102,24172,24178,24066,
502,48,48, 04.03.2026 12:24:03,2,39284,38184,38158,33041,24006,23629,23678,23664,23634,37256,36323,36356,32012,24388,24113,24178,24146,24043,
503,48,48, 04.03.2026 12:24:03,3,39274,38179,38101,33034,23969,23644,23666,23651,23655,37263,36315,36342,32014,24388,24113,24187,24173,24044,
504,48,48, 04.03.2026 12:24:03,4,39314,38173,38139,33050,23955,23664,23675,23646,23642,37240,36320,36344,32036,24361,24119,24173,24137,24041,
505,48,48, 04.03.2026 12:24:03,5,39336,38143,38118,33015,23963,23619,23638,23665,23647,37230,36350,36333,32038,24376,24102,24163,24170,24046,
506,48,48, 04.03.2026 12:24:03,6,39283,38162,38141,33043,23977,23643,23624,23624,23640,37233,36317,36330,32054,24389,24134,24146,24198,24054,
507,48,48, 04.03.2026 12:24:03,7,39309,38189,38114,33035,24021,23638,23606,23632,23597,37234,36331,36341,32044,24385,24107,24153,24156,24054,
508,48,48, 04.03.2026 12:24:03,8,39300,38173,38098,33062,23972,23649,23667,23642,23658,37243,36315,36352,32030,24370,24093,24171,24166,24046,
509,48,48, 04.03.2026 12:24:03,9,39293,38146,38112,33060,23980,23638,23647,23648,23663,37251,36337,36336,32054,24359,24118,24182,24145,24049,
510,49,49, 04.03.2026 12:24:04,0,39253,38120,38087,34175,24264,23621,23662,23635,23620,37216,36300,36341,33005,24658,24137,24161,24188,24077,
511,49,49, 04.03.2026 12:24:04,1,39278,38149,38104,34196,24288,23618,23673,23640,23613,37220,36310,36333,32997,24648,24111,24158,24184,24068,
512,49,49, 04.03.2026 12:24:04,2,39296,38131,38119,34197,24286,23644,23660,23640,23633,37246,36273,36362,33031,24687,24130,24192,24174,24080,
513,49,49, 04.03.2026 12:24:04,3,39287,38139,38078,34227,24299,23625,23641,23657,23602,37215,36304,36316,33066,24657,24111,24169,24166,24043,
514,49,49, 04.03.2026 12:24:04,4,39242,38155,38108,34282,24278,23629,23658,23632,23644,37225,36321,36332,33041,24659,24116,24150,24162,24074,
515,49,49, 04.03.2026 12:24:04,5,39283,38088,38063,34252,24337,23653,23666,23650,23634,37222,36306,36344,33049,24662,24127,24177,24169,24059,
516,49,49, 04.03.2026 12:24:04,6,39316,38144,38089,34286,24321,23652,23660,23656,23645,37219,36312,36331,33071,24665,24131,24167,24169,24078,
517,49,49, 04.03.2026 12:24:04,7,39287,38134,38114,34251,24302,23647,23646,23624,23599,37273,36296,36334,33082,24666,24136,24148,24172,24077,
518,49,49, 04.03.2026 12:24:04,8,39227,38130,38079,34262,24312,23635,23678,23646,23624,37258,36324,36336,33082,24655,24129,24172,24177,24097,
519,49,49, 04.03.2026 12:24:04,9,39261,38109,38107,34267,24315,23603,23666,23660,23634,37236,36281,36347,33072,24665,24143,24175,24154,24063,
520,50,50, 04.03.2026 12:24:05,0,39196,38096,38066,35152,24705,23659,23647,23636,23606,37191,36276,36327,33821,24985,24150,24196,24156,24105,
521,50,50, 04.03.2026 12:24:05,1,39221,38115,38024,35179,24707,23638,23656,23629,23624,37222,36291,36291,33849,24985,24131,24173,24175,24051,
522,50,50, 04.03.2026 12:24:05,2,39223,38081,38039,35217,24747,23643,23662,23636,23624,37219,36240,36336,33885,25004,24127,24170,24176,24075,
523,50,50, 04.03.2026 12:24:05,3,39218,38061,38026,35223,24761,23642,23688,23649,23623,37205,36271,36330,33889,25048,24146,24223,24190,24070,
524,50,50, 04.03.2026 12:24:05,4,39190,38067,38042,35259,24772,23617,23671,23622,23622,37173,36303,36315,33898,25024,24143,24180,24181,24081,
525,50,50, 04.03.2026 12:24:05,5,39231,38084,38046,35245,24782,23632,23680,23667,23638,37203,36307,36338,33877,25037,24138,24179,24204,24087,
526,50,50, 04.03.2026 12:24:05,6,39206,38109,38036,35260,24769,23627,23670,23679,23643,37235,36269,36331,33907,25041,24147,24180,24200,24061,
527,50,50, 04.03.2026 12:24:05,7,39270,38085,38052,35230,24760,23631,23647,23630,23636,37236,36297,36319,33904,25048,24136,24190,24190,24069,
528,50,50, 04.03.2026 12:24:05,8,39244,38109,38062,35216,24796,23642,23634,23657,23628,37231,36315,36325,33884,25059,24155,24176,24210,24084,
529,50,50, 04.03.2026 12:24:05,9,39223,38060,38061,35238,24777,23630,23637,23643,23628,37231,36324,36325,33930,25078,24164,24200,24190,24083,
530,51,51, 04.03.2026 12:24:05,0,39211,38062,38054,35844,25115,23630,23664,23638,23658,37225,36304,36329,34410,25369,24129,24210,24186,24069,
531,51,51, 04.03.2026 12:24:05,1,39209,38057,38033,35859,25140,23626,23641,23638,23634,37232,36305,36313,34402,25356,24145,24172,24197,24092,
532,51,51, 04.03.2026 12:24:05,2,39205,38057,38040,35826,25129,23627,23663,23607,23652,37214,36276,36334,34416,25347,24159,24197,24181,24123,
533,51,51, 04.03.2026 12:24:05,3,39194,38076,38040,35893,25156,23607,23677,23654,23632,37182,36300,36322,34387,25378,24163,24193,24199,24061,
534,51,51, 04.03.2026 12:24:05,4,39236,38084,38039,35864,25122,23639,23668,23632,23606,37223,36328,36341,34427,25393,24158,24170,24168,24071,
535,51,51, 04.03.2026 12:24:05,5,39188,38091,38036,35862,25174,23633,23674,23661,23598,37241,36313,36322,34414,25389,24133,24180,24202,24071,
536,51,51, 04.03.2026 12:24:05,6,39209,38115,38040,35876,25180,23621,23646,23657,23606,37216,36291,36321,34421,25398,24149,24225,24196,24079,
537,51,51, 04.03.2026 12:24:05,7,39196,38077,38045,35909,25166,23643,23674,23667,23611,37215,36267,36329,34440,25401,24170,24196,24178,24070,
538,51,51, 04.03.2026 12:24:05,8,39165,38062,38042,35890,25205,23630,23633,23657,23621,37211,36295,36321,34445,25387,24133,24194,24194,24084,
539,51,51, 04.03.2026 12:24:05,9,39251,38074,38024,35906,25196,23629,23638,23660,23634,37185,36300,36328,34460,25399,24137,24190,24179,24111,
540,52,52, 04.03.2026 12:24:06,0,39151,38061,38047,36485,25647,23650,23675,23658,23616,37221,36304,36323,34951,25734,24162,24199,24210,24102,
541,52,52, 04.03.2026 12:24:06,1,39215,38043,38036,36503,25652,23634,23662,23644,23604,37202,36295,36360,34982,25785,24156,24223,24208,24088,
542,52,52, 04.03.2026 12:24:06,2,39184,38086,38012,36492,25658,23606,23625,23642,23623,37210,36282,36335,34955,25788,24172,24225,24210,24111,
543,52,52, 04.03.2026 12:24:06,3,39190,38060,38045,36521,25672,23663,23647,23655,23615,37202,36299,36345,34990,25787,24151,24208,24224,24104,
544,52,52, 04.03.2026 12:24:06,4,39166,38062,38036,36521,25684,23618,23668,23638,23632,37210,36297,36325,35002,25782,24175,24197,24215,24101,
545,52,52, 04.03.2026 12:24:06,5,39159,38060,38005,36492,25684,23628,23620,23620,23607,37182,36274,36310,34985,25815,24144,24211,24204,24078,
546,52,52, 04.03.2026 12:24:06,6,39231,38067,38024,36541,25681,23654,23682,23651,23643,37224,36287,36305,34995,25815,24163,24209,24221,24079,
547,52,52, 04.03.2026 12:24:06,7,39146,38071,38009,36506,25674,23623,23648,23649,23627,37212,36283,36328,35010,25819,24171,24205,24192,24099,
548,52,52, 04.03.2026 12:24:06,8,39172,38041,38010,36552,25695,23643,23626,23671,23611,37182,36293,36313,35014,25836,24192,24220,24212,24107,
549,52,52, 04.03.2026 12:24:06,9,39213,38020,38010,36541,25676,23621,23667,23648,23647,37180,36299,36341,34981,25834,24143,24200,24198,24107,
550,53,53, 04.03.2026 12:24:07,0,39135,38031,37986,37029,26211,23633,23671,23690,23601,37189,36267,36313,35459,26235,24195,24243,24220,24154,
551,53,53, 04.03.2026 12:24:07,1,39131,38043,37997,37035,26217,23642,23629,23655,23644,37214,36263,36301,35413,26251,24176,24198,24214,24133,
552,53,53, 04.03.2026 12:24:07,2,39190,38045,37995,37089,26254,23618,23671,23648,23614,37203,36270,36307,35467,26273,24175,24243,24215,24128,
553,53,53, 04.03.2026 12:24:07,3,39202,38029,37997,37071,26234,23641,23673,23627,23627,37233,36292,36317,35465,26295,24177,24235,24208,24097,
554,53,53, 04.03.2026 12:24:07,4,39161,38036,37991,37080,26242,23656,23628,23627,23604,37232,36275,36300,35436,26303,24147,24227,24234,24095,
555,53,53, 04.03.2026 12:24:07,5,39138,38015,37994,37086,26232,23643,23648,23625,23622,37217,36271,36306,35465,26298,24164,24204,24184,24119,
556,53,53, 04.03.2026 12:24:07,6,39189,38037,38005,37081,26263,23620,23663,23643,23640,37190,36309,36312,35472,26284,24182,24260,24221,24102,
557,53,53, 04.03.2026 12:24:07,7,39157,38050,37964,37099,26239,23665,23639,23637,23653,37179,36285,36336,35473,26305,24167,24231,24228,24112,
558,53,53, 04.03.2026 12:24:07,8,39146,38016,37976,37093,26236,23618,23661,23660,23654,37214,36294,36316,35478,26297,24176,24223,24220,24114,
559,53,53, 04.03.2026 12:24:07,9,39201,38061,38019,37127,26268,23639,23647,23671,23600,37184,36299,36333,35494,26289,24183,24238,24210,24106,
560,54,54, 04.03.2026 12:24:08,0,39175,38025,37997,37531,26841,23653,23626,23667,23621,37215,36283,36322,35882,26780,24172,24231,24212,24126,
561,54,54, 04.03.2026 12:24:08,1,39165,38004,37986,37531,26833,23640,23664,23683,23607,37190,36273,36318,35857,26806,24202,24231,24251,24126,
562,54,54, 04.03.2026 12:24:08,2,39156,38015,38000,37505,26845,23635,23642,23623,23626,37215,36285,36278,35862,26806,24192,24241,24239,24135,
563,54,54, 04.03.2026 12:24:08,3,39123,38045,37991,37541,26870,23648,23651,23702,23607,37210,36299,36318,35877,26839,24184,24258,24238,24114,
564,54,54, 04.03.2026 12:24:08,4,39208,38005,37988,37543,26850,23652,23636,23671,23624,37191,36286,36325,35860,26828,24204,24245,24210,24139,
565,54,54, 04.03.2026 12:24:08,5,39128,38024,37958,37546,26857,23650,23672,23653,23621,37191,36282,36314,35847,26802,24184,24230,24222,24108,
566,54,54, 04.03.2026 12:24:08,6,39149,38022,37959,37563,26894,23642,23629,23666,23648,37196,36292,36324,35873,26829,24185,24232,24224,24100,
567,54,54, 04.03.2026 12:24:08,7,39177,38002,37957,37550,26870,23638,23655,23662,23615,37207,36274,36309,35861,26818,24200,24235,24200,24117,
568,54,54, 04.03.2026 12:24:08,8,39194,38068,37966,37552,26864,23610,23634,23668,23650,37191,36278,36297,35876,26818,24195,24233,24213,24131,
569,54,54, 04.03.2026 12:24:08,9,39146,38040,37971,37562,26906,23632,23650,23652,23615,37212,36277,36328,35860,26848,24172,24235,24238,24117,
570,55,55, 04.03.2026 12:24:12,0,39154,38017,37970,38149,27918,23639,23657,23660,23611,37211,36290,36315,36363,27715,24207,24255,24247,24107,
571,55,55, 04.03.2026 12:24:12,1,39084,37996,37954,38148,27943,23671,23639,23649,23624,37194,36282,36323,36386,27731,24239,24252,24218,24120,
572,55,55, 04.03.2026 12:24:12,2,39125,37988,37952,38116,27915,23650,23653,23650,23642,37206,36266,36295,36387,27705,24216,24251,24230,24105,
573,55,55, 04.03.2026 12:24:12,3,39136,38003,37934,38166,27902,23632,23631,23633,23615,37190,36290,36305,36366,27706,24188,24235,24241,24149,
574,55,55, 04.03.2026 12:24:12,4,39157,38007,37976,38168,27927,23668,23624,23673,23639,37195,36270,36312,36380,27727,24225,24235,24216,24146,
575,55,55, 04.03.2026 12:24:12,5,39111,38004,37974,38124,27930,23636,23652,23649,23610,37216,36276,36309,36388,27727,24211,24248,24237,24163,
576,55,55, 04.03.2026 12:24:12,6,39124,37991,37948,38140,27940,23654,23649,23632,23646,37192,36322,36316,36403,27735,24215,24239,24200,24135,
577,55,55, 04.03.2026 12:24:12,7,39108,38021,37973,38140,27895,23642,23677,23647,23594,37162,36275,36323,36381,27724,24174,24245,24239,24154,
578,55,55, 04.03.2026 12:24:12,8,39173,37989,37962,38148,27920,23638,23620,23682,23613,37189,36319,36299,36415,27726,24218,24244,24231,24115,
579,55,55, 04.03.2026 12:24:12,9,39111,37989,37960,38131,27938,23640,23643,23651,23622,37211,36288,36317,36358,27723,24211,24270,24232,24101,
580,56,56, 04.03.2026 12:24:12,0,39060,37979,37914,38465,28813,23615,23651,23660,23589,37192,36267,36297,36684,28479,24231,24246,24231,24149,
581,56,56, 04.03.2026 12:24:12,1,39082,37965,37933,38472,28782,23640,23611,23674,23626,37197,36283,36286,36678,28451,24225,24253,24230,24142,
582,56,56, 04.03.2026 12:24:12,2,39064,37946,37939,38470,28834,23612,23652,23633,23602,37207,36269,36317,36720,28512,24237,24266,24258,24138,
583,56,56, 04.03.2026 12:24:12,3,39095,37967,37919,38488,28847,23677,23655,23633,23614,37179,36285,36291,36680,28495,24221,24259,24234,24124,
584,56,56, 04.03.2026 12:24:12,4,39082,37981,37902,38491,28817,23657,23640,23683,23621,37212,36309,36301,36677,28498,24210,24245,24236,24131,
585,56,56, 04.03.2026 12:24:12,5,39065,37958,37940,38465,28863,23656,23627,23669,23611,37219,36300,36297,36692,28511,24222,24237,24246,24143,
586,56,56, 04.03.2026 12:24:12,6,39111,37967,37918,38488,28857,23668,23662,23617,23634,37163,36302,36296,36679,28529,24249,24284,24234,24129,
587,56,56, 04.03.2026 12:24:12,7,39053,37965,37942,38498,28854,23664,23671,23639,23639,37173,36287,36321,36704,28526,24245,24228,24235,24157,
588,56,56, 04.03.2026 12:24:12,8,39084,37969,37943,38483,28887,23642,23630,23654,23598,37185,36300,36309,36716,28517,24225,24261,24261,24140,
589,56,56, 04.03.2026 12:24:12,9,39118,37956,37909,38522,28861,23643,23658,23665,23639,37166,36287,36294,36694,28527,24241,24254,24236,24130,
590,57,57, 04.03.2026 12:24:13,0,39043,37960,37922,38680,29544,23670,23655,23641,23606,37190,36282,36295,36831,29139,24253,24268,24237,24143,
591,57,57, 04.03.2026 12:24:13,1,39141,37967,37921,38674,29564,23631,23644,23627,23641,37182,36303,36306,36851,29120,24251,24293,24262,24129,
592,57,57, 04.03.2026 12:24:13,2,39085,37918,37924,38669,29566,23645,23654,23641,23626,37184,36250,36299,36846,29110,24225,24284,24258,24153,
593,57,57, 04.03.2026 12:24:13,3,39089,37958,37889,38676,29552,23693,23671,23651,23613,37156,36299,36294,36857,29122,24243,24271,24253,24138,
594,57,57, 04.03.2026 12:24:13,4,39018,37938,37934,38661,29587,23649,23627,23638,23609,37194,36301,36312,36826,29140,24220,24270,24237,24146,
595,57,57, 04.03.2026 12:24:13,5,39064,37941,37892,38690,29608,23656,23625,23651,23615,37178,36285,36290,36829,29162,24245,24256,24265,24107,
596,57,57, 04.03.2026 12:24:13,6,39082,37933,37906,38700,29637,23646,23639,23632,23583,37182,36281,36324,36842,29171,24217,24233,24257,24156,
597,57,57, 04.03.2026 12:24:13,7,39066,37935,37896,38692,29626,23689,23640,23641,23605,37214,36266,36297,36846,29179,24238,24235,24258,24130,
598,57,57, 04.03.2026 12:24:13,8,39061,37942,37920,38681,29633,23659,23641,23640,23608,37202,36289,36329,36843,29202,24229,24259,24255,24142,
599,57,57, 04.03.2026 12:24:13,9,39043,37938,37899,38697,29659,23691,23620,23631,23582,37180,36288,36293,36867,29202,24264,24279,24271,24153,
600,58,58, 04.03.2026 12:24:14,0,39061,37923,37904,38865,30423,23679,23660,23640,23636,37192,36278,36306,36992,29914,24285,24258,24270,24133,
601,58,58, 04.03.2026 12:24:14,1,39019,37916,37873,38800,30441,23635,23657,23668,23633,37182,36289,36277,36998,29905,24259,24276,24278,24163,
602,58,58, 04.03.2026 12:24:14,2,39113,37943,37896,38842,30458,23653,23649,23649,23615,37178,36267,36284,36984,29914,24278,24263,24284,24156,
603,58,58, 04.03.2026 12:24:14,3,39004,37966,37907,38810,30451,23632,23619,23639,23629,37217,36286,36299,36986,29912,24278,24253,24235,24167,
604,58,58, 04.03.2026 12:24:14,4,39060,37969,37897,38848,30455,23670,23627,23645,23622,37186,36250,36289,37020,29940,24265,24264,24245,24149,
605,58,58, 04.03.2026 12:24:14,5,39037,37941,37913,38815,30458,23651,23649,23625,23614,37190,36257,36254,36988,29950,24252,24245,24229,24163,
606,58,58, 04.03.2026 12:24:14,6,39042,37934,37893,38824,30477,23669,23639,23669,23616,37199,36292,36313,36974,29952,24280,24281,24258,24139,
607,58,58, 04.03.2026 12:24:14,7,39039,37930,37895,38833,30520,23649,23661,23634,23639,37209,36259,36304,36970,29974,24276,24254,24294,24169,
608,58,58, 04.03.2026 12:24:14,8,39062,37929,37876,38820,30580,23679,23616,23635,23645,37197,36265,36288,36993,30027,24259,24269,24258,24150,
609,58,58, 04.03.2026 12:24:14,9,39014,37942,37876,38857,30567,23667,23624,23656,23598,37174,36245,36291,36978,30051,24268,24278,24275,24153,
610,59,59, 04.03.2026 12:24:15,0,38979,37913,37884,38892,31147,23701,23649,23626,23579,37171,36267,36286,37085,30520,24297,24292,24304,24162,
611,59,59, 04.03.2026 12:24:15,1,39026,37883,37866,38905,31220,23711,23656,23641,23626,37150,36268,36318,37091,30588,24311,24279,24264,24149,
612,59,59, 04.03.2026 12:24:15,2,39017,37926,37882,38930,31293,23704,23654,23624,23676,37177,36280,36301,37086,30626,24310,24273,24278,24146,
613,59,59, 04.03.2026 12:24:15,3,39007,37887,37868,38929,31287,23692,23652,23637,23626,37170,36254,36283,37055,30646,24302,24292,24263,24152,
614,59,59, 04.03.2026 12:24:15,4,39045,37891,37856,38920,31291,23720,23623,23657,23603,37161,36273,36284,37071,30652,24298,24249,24274,24171,
615,59,59, 04.03.2026 12:24:15,5,39016,37905,37876,38912,31278,23701,23680,23643,23611,37162,36299,36295,37083,30656,24293,24241,24267,24143,
616,59,59, 04.03.2026 12:24:15,6,39024,37888,37880,38902,31330,23691,23647,23627,23619,37168,36263,36277,37065,30651,24301,24275,24253,24160,
617,59,59, 04.03.2026 12:24:15,7,39037,37908,37871,38918,31320,23700,23650,23630,23618,37183,36261,36272,37072,30648,24298,24269,24256,24184,
618,59,59, 04.03.2026 12:24:15,8,39026,37901,37853,38918,31319,23704,23658,23641,23614,37192,36271,36290,37083,30661,24310,24275,24251,24163,
619,59,59, 04.03.2026 12:24:15,9,39051,37931,37847,38901,31331,23700,23650,23618,23617,37180,36299,36283,37087,30675,24304,24280,24262,24146,
620,60,60, 04.03.2026 12:24:15,0,38984,37895,37852,38983,32571,23840,23634,23644,23582,37172,36278,36290,37140,31734,24432,24286,24272,24160,
621,60,60, 04.03.2026 12:24:15,1,39035,37881,37874,38960,32589,23860,23671,23616,23579,37186,36241,36302,37139,31737,24440,24272,24290,24163,
622,60,60, 04.03.2026 12:24:15,2,38995,37854,37856,38976,32592,23820,23619,23640,23620,37182,36261,36273,37112,31745,24419,24288,24287,24159,
623,60,60, 04.03.2026 12:24:15,3,39015,37865,37837,38975,32591,23830,23628,23629,23600,37182,36292,36319,37118,31724,24393,24271,24282,24137,
624,60,60, 04.03.2026 12:24:15,4,39009,37865,37838,38947,32598,23815,23609,23653,23601,37156,36266,36287,37116,31732,24407,24293,24282,24183,
625,60,60, 04.03.2026 12:24:15,5,38982,37946,37869,38915,32577,23846,23648,23663,23600,37174,36255,36284,37120,31758,24423,24273,24278,24195,
626,60,60, 04.03.2026 12:24:15,6,39025,37871,37848,38980,32627,23832,23624,23630,23609,37177,36279,36300,37112,31752,24418,24263,24295,24163,
627,60,60, 04.03.2026 12:24:15,7,38994,37893,37825,38952,32590,23826,23663,23646,23612,37175,36285,36314,37141,31777,24428,24302,24273,24148,
628,60,60, 04.03.2026 12:24:15,8,38962,37870,37869,38977,32639,23829,23657,23654,23633,37183,36261,36298,37102,31755,24447,24301,24290,24182,
629,60,60, 04.03.2026 12:24:15,9,38982,37873,37847,38977,32629,23839,23662,23637,23633,37173,36263,36296,37137,31791,24418,24307,24312,24172,
630,61,61, 04.03.2026 12:24:16,0,38965,37870,37850,38955,32987,23920,23659,23647,23593,37154,36303,36294,37154,32066,24468,24311,24310,24170,
631,61,61, 04.03.2026 12:24:16,1,39006,37873,37839,38985,33009,23920,23605,23657,23592,37194,36252,36256,37117,32108,24459,24313,24288,24197,
632,61,61, 04.03.2026 12:24:16,2,39017,37841,37832,38936,33028,23892,23641,23647,23605,37159,36268,36259,37143,32094,24495,24306,24255,24167,
633,61,61, 04.03.2026 12:24:16,3,39004,37852,37813,38977,33003,23927,23668,23622,23632,37167,36280,36270,37133,32110,24474,24308,24297,24173,
634,61,61, 04.03.2026 12:24:16,4,38969,37867,37835,38985,33030,23920,23632,23637,23616,37167,36233,36272,37147,32132,24509,24312,24294,24156,
635,61,61, 04.03.2026 12:24:16,5,38981,37900,37841,38971,33042,23908,23664,23661,23631,37172,36241,36300,37117,32172,24480,24275,24273,24165,
636,61,61, 04.03.2026 12:24:16,6,38982,37877,37835,38950,33048,23909,23659,23654,23598,37194,36287,36271,37115,32149,24505,24273,24294,24158,
637,61,61, 04.03.2026 12:24:16,7,38950,37864,37816,38965,33057,23919,23654,23649,23603,37187,36262,36275,37135,32174,24471,24302,24278,24177,
638,61,61, 04.03.2026 12:24:16,8,39003,37887,37832,38938,33061,23903,23650,23641,23603,37172,36263,36283,37151,32154,24499,24290,24296,24187,
639,61,61, 04.03.2026 12:24:16,9,39012,37869,37805,38944,33072,23939,23665,23646,23593,37136,36244,36269,37117,32151,24483,24300,24282,24179,
640,62,62, 04.03.2026 12:24:17,0,38972,37883,37778,38939,33976,24138,23665,23625,23610,37133,36245,36283,37138,32941,24702,24311,24327,24151,
641,62,62, 04.03.2026 12:24:17,1,38993,37841,37788,38934,33984,24168,23639,23618,23601,37156,36261,36281,37124,32940,24695,24334,24301,24183,
642,62,62, 04.03.2026 12:24:17,2,38920,37846,37824,38912,34020,24186,23631,23642,23603,37154,36241,36274,37131,32942,24685,24276,24308,24159,
643,62,62, 04.03.2026 12:24:17,3,38965,37870,37772,38908,33987,24171,23661,23646,23628,37159,36258,36277,37113,32958,24704,24304,24298,24183,
644,62,62, 04.03.2026 12:24:17,4,38950,37857,37824,38925,34028,24152,23653,23660,23602,37189,36257,36249,37131,32962,24723,24301,24285,24162,
645,62,62, 04.03.2026 12:24:17,5,38940,37833,37791,38954,34007,24164,23654,23631,23596,37190,36227,36287,37119,32954,24699,24295,24273,24158,
646,62,62, 04.03.2026 12:24:17,6,38950,37859,37811,38913,34015,24186,23626,23621,23621,37154,36282,36248,37117,32962,24703,24319,24295,24198,
647,62,62, 04.03.2026 12:24:17,7,38963,37817,37780,38904,33992,24185,23632,23620,23635,37130,36256,36298,37147,32974,24723,24321,24300,24173,
648,62,62, 04.03.2026 12:24:17,8,38956,37866,37795,38928,34020,24183,23637,23648,23596,37155,36257,36286,37124,32994,24703,24288,24287,24185,
649,62,62, 04.03.2026 12:24:17,9,38933,37855,37825,38922,34020,24187,23639,23654,23616,37182,36248,36281,37118,32997,24711,24273,24319,24200,
650,63,63, 04.03.2026 12:24:18,0,38931,37817,37755,38922,34998,24539,23641,23634,23607,37162,36285,36292,37096,33797,25009,24332,24298,24191,
651,63,63, 04.03.2026 12:24:18,1,38935,37820,37797,38894,34982,24531,23636,23626,23600,37183,36234,36273,37113,33796,25017,24296,24300,24189,
652,63,63, 04.03.2026 12:24:18,2,38950,37829,37771,38896,34987,24538,23672,23617,23617,37158,36288,36281,37097,33797,24999,24289,24301,24175,
653,63,63, 04.03.2026 12:24:18,3,38944,37801,37774,38876,34994,24539,23619,23623,23599,37141,36261,36256,37117,33821,25025,24329,24281,24179,
654,63,63, 04.03.2026 12:24:18,4,38926,37838,37775,38911,35012,24541,23620,23638,23613,37137,36261,36302,37116,33802,25024,24315,24290,24198,
655,63,63, 04.03.2026 12:24:18,5,38950,37819,37815,38897,35013,24547,23625,23646,23605,37147,36258,36255,37156,33800,25029,24281,24308,24208,
656,63,63, 04.03.2026 12:24:18,6,38935,37848,37793,38908,35008,24547,23662,23607,23591,37143,36254,36269,37093,33809,25021,24304,24290,24145,
657,63,63, 04.03.2026 12:24:18,7,38939,37859,37783,38932,35007,24569,23641,23633,23633,37126,36255,36278,37129,33819,25028,24298,24315,24168,
658,63,63, 04.03.2026 12:24:18,8,38924,37813,37782,38902,34997,24513,23644,23626,23615,37197,36247,36285,37113,33809,25016,24298,24309,24178,
659,63,63, 04.03.2026 12:24:18,9,38935,37805,37804,38923,35026,24561,23630,23636,23611,37177,36251,36266,37137,33811,25032,24321,24312,24193,
660,64,64, 04.03.2026 12:24:19,0,38935,37804,37771,38897,35726,24870,23639,23626,23632,37169,36267,36253,37122,34422,25318,24310,24333,24178,
661,64,64, 04.03.2026 12:24:19,1,38907,37790,37777,38869,35742,24926,23680,23625,23614,37160,36258,36283,37102,34472,25327,24343,24319,24224,
662,64,64, 04.03.2026 12:24:19,2,38890,37799,37787,38872,35779,24944,23645,23613,23650,37161,36267,36286,37111,34478,25373,24316,24326,24212,
663,64,64, 04.03.2026 12:24:19,3,38907,37800,37762,38899,35808,24952,23662,23648,23604,37131,36251,36266,37116,34488,25365,24302,24316,24227,
664,64,64, 04.03.2026 12:24:19,4,38906,37837,37760,38897,35813,24944,23629,23630,23605,37145,36256,36278,37115,34464,25372,24322,24323,24204,
665,64,64, 04.03.2026 12:24:19,5,38924,37793,37775,38904,35767,24951,23636,23623,23558,37149,36256,36247,37108,34499,25367,24342,24330,24190,
666,64,64, 04.03.2026 12:24:19,6,38897,37829,37755,38913,35834,24956,23659,23617,23607,37158,36269,36301,37092,34523,25419,24345,24310,24198,
667,64,64, 04.03.2026 12:24:19,7,38913,37795,37778,38866,35858,24976,23662,23616,23570,37137,36243,36266,37116,34551,25393,24331,24312,24191,
668,64,64, 04.03.2026 12:24:19,8,38875,37807,37759,38877,35815,25006,23638,23649,23616,37147,36252,36290,37115,34525,25398,24323,24295,24223,
669,64,64, 04.03.2026 12:24:19,9,38889,37795,37801,38876,35833,25016,23663,23647,23585,37164,36237,36281,37157,34518,25397,24304,24298,24201,
670,65,65, 04.03.2026 12:24:20,0,38878,37812,37755,38862,36548,25590,23668,23624,23596,37167,36255,36282,37111,35131,25903,24339,24320,24193,
671,65,65, 04.03.2026 12:24:20,1,38939,37781,37779,38846,36603,25550,23639,23649,23614,37171,36234,36265,37107,35144,25904,24345,24330,24205,
672,65,65, 04.03.2026 12:24:20,2,38872,37756,37728,38856,36620,25599,23632,23628,23589,37160,36231,36277,37119,35140,25902,24361,24336,24224,
673,65,65, 04.03.2026 12:24:20,3,38921,37776,37763,38841,36599,25555,23643,23613,23605,37137,36233,36241,37128,35171,25852,24318,24343,24193,
674,65,65, 04.03.2026 12:24:20,4,38896,37796,37731,38850,36599,25590,23658,23617,23621,37124,36228,36250,37117,35176,25904,24336,24319,24212,
675,65,65, 04.03.2026 12:24:20,5,38890,37789,37744,38818,36590,25598,23619,23617,23602,37141,36274,36243,37090,35178,25896,24356,24312,24211,
676,65,65, 04.03.2026 12:24:20,6,38882,37784,37757,38868,36634,25598,23615,23660,23598,37174,36243,36266,37133,35164,25903,24324,24312,24210,
677,65,65, 04.03.2026 12:24:20,7,38886,37768,37754,38887,36617,25596,23680,23636,23620,37137,36245,36261,37134,35185,25931,24335,24319,24216,
678,65,65, 04.03.2026 12:24:20,8,38834,37782,37724,38844,36583,25608,23653,23656,23592,37170,36269,36265,37131,35200,25907,24353,24326,24186,
679,65,65, 04.03.2026 12:24:20,9,38894,37777,37719,38845,36601,25601,23637,23638,23628,37154,36256,36273,37134,35198,25925,24340,24333,24212,
680,66,66, 04.03.2026 12:24:20,0,38853,37770,37724,38849,37139,26034,23614,23643,23572,37146,36281,36269,37094,35644,26275,24347,24358,24205,
681,66,66, 04.03.2026 12:24:20,1,38848,37789,37719,38837,37161,26050,23608,23659,23607,37152,36270,36294,37097,35653,26322,24333,24318,24224,
682,66,66, 04.03.2026 12:24:20,2,38913,37765,37742,38858,37182,26052,23654,23619,23614,37166,36234,36240,37149,35655,26320,24383,24354,24205,
683,66,66, 04.03.2026 12:24:20,3,38867,37765,37749,38844,37184,26018,23636,23645,23591,37150,36228,36285,37099,35692,26312,24353,24305,24222,
684,66,66, 04.03.2026 12:24:20,4,38855,37779,37743,38862,37201,26063,23647,23629,23589,37145,36257,36242,37103,35723,26324,24337,24354,24220,
685,66,66, 04.03.2026 12:24:20,5,38866,37790,37726,38853,37200,26069,23638,23638,23606,37154,36265,36267,37101,35682,26350,24346,24334,24241,
686,66,66, 04.03.2026 12:24:20,6,38888,37803,37746,38859,37206,26070,23653,23623,23612,37169,36252,36277,37145,35703,26365,24354,24348,24239,
687,66,66, 04.03.2026 12:24:20,7,38894,37791,37775,38850,37212,26103,23636,23614,23580,37170,36271,36274,37121,35711,26315,24376,24344,24231,
688,66,66, 04.03.2026 12:24:20,8,38876,37794,37748,38853,37232,26107,23657,23630,23613,37156,36268,36263,37105,35737,26352,24362,24360,24230,
689,66,66, 04.03.2026 12:24:20,9,38852,37763,37755,38875,37236,26123,23665,23653,23617,37187,36269,36260,37126,35712,26378,24360,24357,24219,
690,67,67, 04.03.2026 12:24:21,0,38885,37742,37714,38868,37698,26693,23647,23639,23594,37170,36280,36259,37137,36128,26857,24343,24358,24217,
691,67,67, 04.03.2026 12:24:21,1,38843,37778,37750,38838,37723,26705,23643,23631,23621,37162,36243,36270,37102,36134,26852,24373,24377,24209,
692,67,67, 04.03.2026 12:24:21,2,38855,37759,37703,38859,37706,26724,23663,23633,23587,37193,36266,36243,37161,36127,26876,24362,24336,24247,
693,67,67, 04.03.2026 12:24:21,3,38839,37756,37737,38831,37723,26731,23625,23624,23568,37167,36248,36278,37129,36122,26884,24353,24348,24218,
694,67,67, 04.03.2026 12:24:21,4,38886,37719,37740,38860,37736,26724,23661,23658,23569,37145,36263,36291,37124,36120,26887,24355,24338,24222,
695,67,67, 04.03.2026 12:24:21,5,38857,37786,37704,38813,37706,26715,23668,23630,23589,37151,36226,36266,37143,36131,26877,24346,24364,24217,
696,67,67, 04.03.2026 12:24:21,6,38910,37778,37715,38848,37697,26728,23638,23632,23611,37140,36249,36266,37126,36144,26873,24367,24360,24203,
697,67,67, 04.03.2026 12:24:21,7,38839,37783,37713,38822,37756,26749,23651,23645,23569,37168,36262,36254,37124,36122,26897,24375,24369,24242,
698,67,67, 04.03.2026 12:24:21,8,38908,37763,37719,38868,37706,26755,23674,23641,23597,37144,36269,36280,37121,36156,26893,24372,24330,24215,
699,67,67, 04.03.2026 12:24:21,9,38888,37750,37723,38832,37700,26725,23624,23641,23613,37151,36258,36275,37122,36138,26879,24363,24334,24246,
700,68,68, 04.03.2026 12:24:22,0,38847,37740,37701,38800,38180,27422,23638,23650,23627,37148,36268,36259,37122,36553,27504,24395,24377,24258,
701,68,68, 04.03.2026 12:24:22,1,38852,37762,37724,38837,38183,27468,23654,23656,23592,37158,36257,36267,37115,36517,27481,24387,24378,24241,
702,68,68, 04.03.2026 12:24:22,2,38802,37755,37703,38836,38178,27480,23652,23659,23639,37171,36275,36281,37117,36517,27485,24363,24363,24259,
703,68,68, 04.03.2026 12:24:22,3,38795,37748,37699,38806,38188,27465,23626,23646,23602,37182,36254,36275,37128,36537,27514,24384,24371,24235,
704,68,68, 04.03.2026 12:24:22,4,38848,37737,37715,38861,38174,27483,23624,23639,23588,37154,36247,36273,37151,36567,27536,24401,24354,24238,
705,68,68, 04.03.2026 12:24:22,5,38871,37782,37702,38812,38186,27452,23652,23631,23593,37166,36260,36279,37157,36541,27506,24376,24372,24243,
706,68,68, 04.03.2026 12:24:22,6,38825,37753,37710,38833,38200,27474,23653,23658,23594,37174,36258,36260,37158,36580,27511,24367,24375,24252,
707,68,68, 04.03.2026 12:24:22,7,38839,37727,37743,38829,38196,27464,23682,23641,23613,37174,36285,36263,37140,36560,27505,24374,24362,24233,
708,68,68, 04.03.2026 12:24:22,8,38835,37758,37699,38833,38219,27450,23672,23626,23586,37166,36265,36268,37115,36543,27533,24382,24351,24216,
709,68,68, 04.03.2026 12:24:22,9,38847,37730,37726,38814,38236,27515,23621,23653,23636,37176,36257,36272,37140,36541,27518,24391,24370,24238,
710,69,69, 04.03.2026 12:24:23,0,38828,37767,37680,38814,38530,28194,23659,23646,23586,37170,36279,36279,37138,36855,28100,24392,24366,24243,
711,69,69, 04.03.2026 12:24:23,1,38814,37728,37684,38840,38543,28167,23656,23620,23618,37201,36259,36273,37114,36879,28133,24425,24356,24267,
712,69,69, 04.03.2026 12:24:23,2,38884,37747,37701,38792,38563,28175,23631,23645,23612,37179,36241,36279,37155,36860,28124,24418,24369,24252,
713,69,69, 04.03.2026 12:24:23,3,38848,37702,37704,38829,38549,28211,23648,23660,23610,37195,36291,36289,37137,36866,28122,24395,24352,24229,
714,69,69, 04.03.2026 12:24:23,4,38831,37737,37716,38816,38547,28219,23648,23659,23596,37227,36247,36270,37138,36897,28116,24413,24366,24255,
715,69,69, 04.03.2026 12:24:23,5,38862,37764,37715,38804,38576,28202,23649,23618,23586,37170,36276,36304,37137,36886,28128,24418,24386,24271,
716,69,69, 04.03.2026 12:24:23,6,38829,37726,37719,38783,38565,28251,23619,23624,23606,37176,36259,36316,37117,36867,28132,24383,24368,24256,
717,69,69, 04.03.2026 12:24:23,7,38824,37739,37713,38814,38521,28192,23656,23630,23611,37195,36265,36264,37138,36887,28136,24383,24366,24255,
718,69,69, 04.03.2026 12:24:23,8,38858,37714,37689,38788,38565,28207,23656,23655,23625,37146,36270,36247,37121,36884,28148,24419,24395,24277,
719,69,69, 04.03.2026 12:24:23,9,38814,37705,37704,38819,38581,28248,23643,23668,23618,37163,36271,36291,37141,36876,28137,24380,24370,24250,
720,70,70, 04.03.2026 12:24:24,0,38803,37737,37694,38796,39010,29204,23632,23617,23624,37163,36277,36298,37133,37252,28975,24422,24386,24241,
721,70,70, 04.03.2026 12:24:24,1,38848,37709,37674,38808,38990,29189,23634,23665,23590,37171,36295,36297,37155,37247,28948,24429,24412,24249,
722,70,70, 04.03.2026 12:24:24,2,38838,37729,37696,38820,38982,29208,23692,23629,23618,37152,36260,36288,37158,37255,28963,24411,24377,24263,
723,70,70, 04.03.2026 12:24:24,3,38817,37730,37720,38789,38973,29210,23679,23630,23598,37163,36280,36293,37163,37247,28969,24429,24419,24222,
724,70,70, 04.03.2026 12:24:24,4,38846,37747,37689,38810,39014,29214,23689,23619,23578,37196,36292,36295,37182,37248,28983,24416,24399,24260,
725,70,70, 04.03.2026 12:24:24,5,38851,37755,37745,38799,39028,29211,23672,23626,23616,37178,36285,36294,37131,37258,28993,24409,24420,24252,
726,70,70, 04.03.2026 12:24:24,6,38843,37700,37701,38831,38976,29223,23663,23623,23588,37184,36306,36301,37163,37250,29008,24434,24386,24251,
727,70,70, 04.03.2026 12:24:24,7,38866,37734,37694,38810,38994,29227,23639,23645,23598,37194,36292,36303,37120,37282,28989,24435,24415,24239,
728,70,70, 04.03.2026 12:24:24,8,38830,37735,37706,38810,39010,29224,23634,23656,23602,37166,36286,36309,37123,37270,29024,24416,24379,24271,
729,70,70, 04.03.2026 12:24:24,9,38806,37702,37676,38817,39002,29228,23698,23622,23612,37185,36301,36308,37143,37262,29000,24417,24399,24265,
730,71,71, 04.03.2026 12:24:25,0,38803,37724,37687,38780,39298,30653,23680,23621,23601,37192,36314,36313,37150,37537,30266,24458,24433,24274,
731,71,71, 04.03.2026 12:24:25,1,38796,37758,37688,38784,39304,30651,23674,23604,23621,37193,36322,36292,37172,37547,30280,24461,24405,24286,
732,71,71, 04.03.2026 12:24:25,2,38816,37678,37709,38761,39310,30661,23683,23639,23587,37197,36304,36310,37145,37529,30319,24478,24410,24274,
733,71,71, 04.03.2026 12:24:25,3,38786,37707,37677,38789,39310,30701,23700,23638,23623,37203,36299,36317,37175,37506,30290,24488,24431,24251,
734,71,71, 04.03.2026 12:24:25,4,38842,37723,37698,38762,39294,30702,23662,23643,23593,37199,36286,36329,37173,37537,30260,24451,24440,24246,
735,71,71, 04.03.2026 12:24:25,5,38822,37747,37673,38790,39304,30714,23686,23625,23630,37214,36315,36301,37162,37540,30304,24488,24418,24282,
736,71,71, 04.03.2026 12:24:25,6,38811,37714,37674,38768,39308,30725,23678,23642,23619,37216,36293,36298,37171,37558,30300,24485,24405,24281,
737,71,71, 04.03.2026 12:24:25,7,38780,37724,37672,38798,39307,30709,23677,23622,23604,37216,36310,36303,37180,37545,30313,24483,24387,24281,
738,71,71, 04.03.2026 12:24:25,8,38829,37698,37667,38797,39326,30737,23676,23655,23588,37197,36289,36299,37153,37550,30372,24482,24412,24299,
739,71,71, 04.03.2026 12:24:25,9,38783,37707,37658,38786,39328,30754,23710,23610,23606,37216,36303,36308,37163,37574,30332,24483,24432,24289,
740,72,72, 04.03.2026 12:24:25,0,38787,37726,37644,38765,39439,31848,23737,23654,23597,37236,36312,36315,37153,37653,31251,24534,24430,24285,
741,72,72, 04.03.2026 12:24:25,1,38778,37701,37672,38751,39434,31834,23738,23636,23590,37210,36318,36311,37152,37667,31306,24527,24439,24269,
742,72,72, 04.03.2026 12:24:25,2,38834,37681,37680,38752,39409,31855,23705,23630,23602,37175,36287,36324,37153,37670,31274,24546,24425,24299,
743,72,72, 04.03.2026 12:24:25,3,38767,37704,37693,38769,39446,31816,23756,23610,23613,37208,36297,36295,37121,37671,31256,24509,24470,24309,
744,72,72, 04.03.2026 12:24:25,4,38790,37707,37663,38804,39430,31843,23751,23667,23586,37213,36307,36285,37165,37666,31301,24516,24419,24293,
745,72,72, 04.03.2026 12:24:25,5,38764,37689,37632,38760,39425,31862,23707,23635,23607,37203,36315,36324,37182,37649,31289,24529,24440,24291,
746,72,72, 04.03.2026 12:24:25,6,38786,37669,37652,38725,39423,31876,23729,23627,23599,37186,36266,36309,37167,37658,31299,24521,24433,24291,
747,72,72, 04.03.2026 12:24:25,7,38758,37701,37684,38777,39429,31886,23735,23606,23618,37213,36335,36308,37148,37641,31294,24542,24445,24303,
748,72,72, 04.03.2026 12:24:25,8,38808,37664,37685,38761,39429,31859,23735,23639,23613,37193,36320,36304,37177,37679,31302,24543,24398,24260,
749,72,72, 04.03.2026 12:24:25,9,38779,37705,37653,38760,39422,31882,23729,23609,23616,37196,36297,36292,37156,37664,31332,24547,24408,24303,
750,73,73, 04.03.2026 12:24:26,0,38781,37721,37646,38754,39501,32653,23807,23614,23602,37206,36309,36314,37155,37725,32011,24610,24477,24298,
751,73,73, 04.03.2026 12:24:26,1,38813,37674,37641,38795,39484,32681,23804,23643,23601,37198,36291,36322,37151,37678,32010,24617,24434,24279,
752,73,73, 04.03.2026 12:24:26,2,38725,37720,37681,38751,39491,32678,23837,23572,23565,37196,36314,36317,37146,37684,32027,24580,24429,24319,
753,73,73, 04.03.2026 12:24:26,3,38761,37678,37663,38747,39480,32719,23824,23574,23592,37208,36319,36298,37154,37732,32019,24588,24428,24318,
754,73,73, 04.03.2026 12:24:26,4,38795,37734,37666,38747,39482,32716,23783,23626,23594,37195,36329,36305,37150,37711,32050,24605,24427,24299,
755,73,73, 04.03.2026 12:24:26,5,38774,37650,37645,38750,39463,32768,23840,23594,23562,37197,36315,36328,37174,37707,32080,24586,24450,24331,
756,73,73, 04.03.2026 12:24:26,6,38810,37676,37656,38745,39463,32797,23825,23636,23599,37250,36290,36290,37175,37696,32072,24619,24449,24313,
757,73,73, 04.03.2026 12:24:26,7,38805,37671,37668,38774,39487,32812,23824,23635,23600,37185,36321,36332,37169,37732,32100,24643,24430,24319,
758,73,73, 04.03.2026 12:24:26,8,38804,37686,37654,38739,39500,32765,23850,23615,23649,37214,36310,36305,37156,37702,32081,24625,24454,24297,
759,73,73, 04.03.2026 12:24:26,9,38762,37703,37616,38764,39462,32841,23860,23592,23622,37201,36299,36323,37158,37719,32106,24611,24443,24325,
760,74,74, 04.03.2026 12:24:27,0,38779,37702,37639,38761,39468,33699,23968,23626,23589,37180,36319,36315,37165,37702,32900,24750,24445,24334,
761,74,74, 04.03.2026 12:24:27,1,38797,37681,37643,38746,39436,33707,23961,23648,23583,37219,36351,36324,37182,37732,32868,24752,24476,24326,
762,74,74, 04.03.2026 12:24:27,2,38752,37689,37612,38722,39494,33758,23993,23629,23589,37210,36316,36311,37177,37697,32898,24762,24443,24325,
763,74,74, 04.03.2026 12:24:27,3,38784,37689,37648,38758,39459,33775,24009,23630,23614,37180,36309,36344,37175,37707,32947,24783,24444,24325,
764,74,74, 04.03.2026 12:24:27,4,38764,37677,37647,38717,39481,33783,23964,23608,23584,37226,36317,36306,37182,37728,32945,24756,24472,24327,
765,74,74, 04.03.2026 12:24:27,5,38799,37668,37631,38734,39444,33805,24013,23619,23600,37219,36312,36307,37169,37714,32970,24797,24437,24320,
766,74,74, 04.03.2026 12:24:27,6,38807,37698,37644,38729,39454,33817,24000,23653,23563,37220,36314,36315,37147,37702,32988,24773,24458,24303,
767,74,74, 04.03.2026 12:24:27,7,38760,37660,37623,38729,39472,33823,23986,23616,23607,37226,36291,36283,37154,37743,32968,24781,24464,24332,
768,74,74, 04.03.2026 12:24:27,8,38752,37663,37648,38732,39438,33820,23991,23636,23573,37225,36301,36311,37169,37701,32977,24771,24475,24338,
769,74,74, 04.03.2026 12:24:27,9,38792,37652,37658,38753,39481,33868,23982,23631,23603,37192,36314,36329,37170,37722,33006,24772,24446,24308,
770,75,75, 04.03.2026 12:24:28,0,38788,37659,37640,38730,39449,34495,24164,23636,23574,37241,36321,36326,37160,37748,33552,24926,24464,24306,
771,75,75, 04.03.2026 12:24:28,1,38743,37654,37648,38719,39455,34533,24171,23656,23601,37218,36323,36313,37174,37727,33579,24935,24459,24324,
772,75,75, 04.03.2026 12:24:28,2,38789,37637,37640,38704,39474,34579,24219,23659,23600,37215,36342,36303,37174,37715,33579,24909,24465,24333,
773,75,75, 04.03.2026 12:24:28,3,38719,37691,37626,38765,39462,34568,24190,23655,23622,37220,36342,36314,37168,37717,33638,24915,24496,24339,
774,75,75, 04.03.2026 12:24:28,4,38749,37644,37627,38734,39446,34597,24160,23665,23585,37197,36321,36324,37192,37716,33634,24940,24459,24337,
775,75,75, 04.03.2026 12:24:28,5,38749,37651,37634,38711,39488,34614,24219,23646,23611,37222,36331,36306,37195,37705,33648,24923,24470,24305,
776,75,75, 04.03.2026 12:24:28,6,38743,37666,37617,38744,39454,34624,24200,23628,23589,37241,36312,36323,37145,37701,33688,24939,24461,24330,
777,75,75, 04.03.2026 12:24:28,7,38777,37659,37630,38728,39439,34661,24241,23643,23598,37203,36362,36322,37184,37728,33686,24973,24483,24319,
778,75,75, 04.03.2026 12:24:28,8,38779,37694,37636,38757,39453,34682,24234,23623,23583,37206,36316,36338,37190,37735,33718,24969,24448,24319,
779,75,75, 04.03.2026 12:24:28,9,38763,37700,37651,38764,39463,34693,24216,23632,23616,37221,36311,36339,37189,37712,33724,24947,24486,24336,
780,76,76, 04.03.2026 12:24:28,0,38779,37644,37638,38723,39454,35306,24475,23648,23619,37230,36349,36351,37193,37726,34253,25212,24494,24343,
781,76,76, 04.03.2026 12:24:28,1,38734,37640,37638,38740,39459,35269,24509,23639,23578,37227,36311,36343,37206,37748,34256,25233,24502,24335,
782,76,76, 04.03.2026 12:24:28,2,38748,37660,37596,38724,39455,35333,24511,23638,23615,37219,36340,36360,37182,37721,34259,25211,24460,24363,
783,76,76, 04.03.2026 12:24:28,3,38740,37660,37599,38745,39439,35351,24507,23628,23595,37225,36339,36331,37207,37745,34286,25236,24495,24327,
784,76,76, 04.03.2026 12:24:28,4,38759,37665,37631,38710,39444,35375,24529,23628,23599,37214,36341,36344,37179,37737,34286,25237,24494,24351,
785,76,76, 04.03.2026 12:24:28,5,38767,37700,37598,38715,39478,35390,24561,23602,23594,37244,36299,36341,37161,37739,34291,25263,24482,24337,
786,76,76, 04.03.2026 12:24:28,6,38775,37669,37635,38726,39439,35413,24515,23642,23606,37204,36311,36305,37189,37737,34332,25260,24498,24322,
787,76,76, 04.03.2026 12:24:28,7,38759,37651,37623,38736,39424,35426,24570,23624,23546,37219,36309,36344,37188,37739,34343,25245,24469,24323,
788,76,76, 04.03.2026 12:24:28,8,38728,37665,37588,38701,39420,35470,24523,23627,23578,37224,36350,36315,37183,37708,34342,25235,24479,24328,
789,76,76, 04.03.2026 12:24:28,9,38767,37693,37627,38723,39466,35469,24566,23625,23554,37240,36319,36344,37189,37757,34364,25251,24482,24337,
790,77,77, 04.03.2026 12:24:29,0,38713,37626,37599,38724,39393,36221,24900,23646,23598,37244,36319,36330,37206,37727,35017,25549,24504,24339,
791,77,77, 04.03.2026 12:24:29,1,38755,37616,37607,38706,39419,36257,24934,23642,23579,37193,36338,36331,37182,37745,35040,25588,24486,24363,
792,77,77, 04.03.2026 12:24:29,2,38739,37653,37575,38699,39433,36247,24933,23641,23598,37242,36331,36357,37190,37707,35039,25588,24502,24384,
793,77,77, 04.03.2026 12:24:29,3,38760,37654,37597,38677,39440,36278,24919,23627,23563,37229,36314,36316,37168,37727,35061,25576,24475,24345,
794,77,77, 04.03.2026 12:24:29,4,38724,37624,37614,38716,39428,36309,24939,23612,23605,37233,36311,36326,37153,37713,35048,25582,24471,24341,
795,77,77, 04.03.2026 12:24:29,5,38745,37627,37594,38691,39430,36299,24996,23614,23574,37223,36301,36347,37175,37714,35092,25591,24512,24351,
796,77,77, 04.03.2026 12:24:29,6,38729,37663,37610,38670,39407,36317,24997,23633,23570,37197,36316,36328,37170,37753,35085,25596,24510,24360,
797,77,77, 04.03.2026 12:24:29,7,38739,37624,37586,38677,39449,36353,24941,23644,23603,37209,36369,36343,37170,37701,35138,25621,24468,24373,
798,77,77, 04.03.2026 12:24:29,8,38717,37623,37569,38669,39422,36357,24972,23655,23614,37218,36342,36312,37172,37747,35095,25611,24468,24336,
799,77,77, 04.03.2026 12:24:29,9,38732,37635,37606,38698,39386,36359,24971,23646,23578,37222,36320,36328,37191,37753,35133,25601,24499,24355,
800,78,78, 04.03.2026 12:24:30,0,38725,37605,37574,38699,39411,36900,25315,23633,23624,37245,36338,36333,37191,37757,35615,25897,24506,24366,
801,78,78, 04.03.2026 12:24:30,1,38728,37629,37589,38716,39425,36902,25349,23644,23607,37244,36349,36337,37197,37713,35620,25937,24515,24386,
802,78,78, 04.03.2026 12:24:30,2,38725,37627,37603,38689,39417,36954,25358,23645,23592,37227,36329,36339,37203,37753,35608,25931,24521,24377,
803,78,78, 04.03.2026 12:24:30,3,38704,37624,37589,38695,39414,36921,25347,23642,23595,37256,36339,36351,37237,37756,35668,25974,24511,24352,
804,78,78, 04.03.2026 12:24:30,4,38718,37647,37607,38742,39445,36973,25392,23669,23627,37225,36365,36334,37215,37750,35664,25967,24506,24379,
805,78,78, 04.03.2026 12:24:30,5,38743,37627,37551,38698,39429,36960,25397,23606,23598,37241,36343,36369,37214,37767,35679,25958,24515,24349,
806,78,78, 04.03.2026 12:24:30,6,38745,37627,37605,38674,39408,36981,25402,23622,23642,37241,36331,36328,37205,37752,35692,25969,24529,24387,
807,78,78, 04.03.2026 12:24:30,7,38739,37624,37618,38693,39418,37005,25409,23637,23600,37249,36338,36340,37223,37711,35716,25995,24519,24395,
808,78,78, 04.03.2026 12:24:30,8,38719,37631,37609,38687,39436,36992,25437,23639,23578,37225,36322,36346,37205,37747,35704,25992,24501,24359,
809,78,78, 04.03.2026 12:24:30,9,38661,37620,37595,38694,39389,37018,25438,23641,23603,37226,36355,36356,37194,37755,35696,25991,24529,24387,
810,79,79, 04.03.2026 12:24:31,0,38689,37634,37553,38694,39396,37842,26185,23643,23605,37247,36348,36361,37185,37703,36402,26645,24529,24364,
811,79,79, 04.03.2026 12:24:31,1,38717,37586,37589,38714,39403,37806,26148,23627,23582,37252,36327,36358,37206,37715,36418,26632,24534,24377,
812,79,79, 04.03.2026 12:24:31,2,38700,37590,37577,38708,39378,37844,26220,23658,23592,37214,36345,36360,37193,37737,36416,26633,24527,24379,
813,79,79, 04.03.2026 12:24:31,3,38722,37612,37554,38666,39380,37840,26176,23629,23576,37219,36345,36373,37199,37735,36386,26669,24547,24423,
814,79,79, 04.03.2026 12:24:31,4,38650,37610,37554,38672,39433,37831,26199,23652,23605,37226,36349,36345,37177,37711,36441,26672,24523,24401,
815,79,79, 04.03.2026 12:24:31,5,38677,37611,37575,38696,39389,37861,26232,23653,23578,37240,36351,36345,37180,37715,36406,26658,24539,24396,
816,79,79, 04.03.2026 12:24:31,6,38702,37603,37585,38681,39372,37864,26219,23652,23610,37248,36328,36347,37185,37736,36440,26652,24537,24401,
817,79,79, 04.03.2026 12:24:31,7,38715,37578,37552,38682,39375,37869,26225,23643,23599,37230,36357,36331,37196,37736,36447,26639,24538,24387,
818,79,79, 04.03.2026 12:24:31,8,38669,37583,37573,38672,39385,37874,26224,23618,23580,37254,36337,36355,37162,37750,36442,26686,24546,24396,
819,79,79, 04.03.2026 12:24:31,9,38661,37585,37572,38642,39359,37863,26255,23650,23564,37239,36345,36349,37192,37751,36470,26709,24558,24404,
820,80,80, 04.03.2026 12:24:32,0,38703,37596,37582,38655,39382,38386,26800,23642,23563,37242,36383,36353,37195,37763,36863,27185,24557,24407,
821,80,80, 04.03.2026 12:24:32,1,38703,37579,37536,38641,39389,38414,26809,23631,23604,37237,36341,36360,37198,37747,36868,27210,24564,24390,
822,80,80, 04.03.2026 12:24:32,2,38683,37626,37571,38648,39392,38362,26863,23595,23585,37237,36363,36338,37207,37755,36873,27206,24562,24413,
823,80,80, 04.03.2026 12:24:32,3,38677,37576,37550,38646,39344,38404,26837,23628,23598,37233,36335,36367,37192,37748,36900,27196,24542,24399,
824,80,80, 04.03.2026 12:24:32,4,38661,37578,37554,38640,39400,38414,26828,23648,23610,37214,36337,36346,37184,37769,36911,27206,24544,24401,
825,80,80, 04.03.2026 12:24:32,5,38689,37586,37590,38676,39410,38411,26871,23672,23618,37238,36353,36379,37188,37752,36898,27225,24550,24423,
826,80,80, 04.03.2026 12:24:32,6,38693,37590,37562,38682,39396,38430,26865,23657,23568,37236,36348,36389,37199,37761,36918,27248,24572,24417,
827,80,80, 04.03.2026 12:24:32,7,38716,37596,37538,38642,39380,38432,26903,23609,23620,37234,36353,36343,37196,37756,36933,27245,24568,24419,
828,80,80, 04.03.2026 12:24:32,8,38690,37589,37575,38654,39365,38436,26899,23596,23602,37234,36382,36368,37219,37788,36925,27256,24561,24406,
829,80,80, 04.03.2026 12:24:32,9,38623,37615,37577,38654,39396,38459,26919,23647,23579,37270,36345,36375,37204,37750,36938,27243,24521,24403,
830,81,81, 04.03.2026 12:24:32,0,38678,37557,37531,38641,39374,38857,27495,23598,23605,37243,36371,36351,37194,37732,37283,27760,24586,24418,
831,81,81, 04.03.2026 12:24:32,1,38661,37563,37516,38669,39369,38901,27516,23644,23583,37241,36357,36356,37197,37745,37290,27765,24555,24406,
832,81,81, 04.03.2026 12:24:32,2,38660,37594,37558,38618,39363,38869,27514,23630,23590,37252,36359,36329,37234,37750,37295,27791,24595,24395,
833,81,81, 04.03.2026 12:24:32,3,38697,37590,37516,38670,39371,38874,27530,23665,23590,37232,36390,36354,37218,37773,37355,27797,24571,24408,
834,81,81, 04.03.2026 12:24:32,4,38685,37614,37574,38642,39380,38886,27529,23627,23598,37260,36367,36363,37211,37759,37347,27818,24551,24407,
835,81,81, 04.03.2026 12:24:32,5,38693,37611,37530,38640,39340,38881,27585,23636,23569,37259,36335,36375,37201,37770,37369,27825,24582,24404,
836,81,81, 04.03.2026 12:24:32,6,38675,37570,37535,38645,39333,38921,27571,23664,23595,37277,36371,36369,37204,37763,37367,27815,24560,24431,
837,81,81, 04.03.2026 12:24:32,7,38695,37587,37522,38659,39362,38919,27550,23641,23590,37268,36355,36365,37215,37734,37366,27830,24590,24424,
838,81,81, 04.03.2026 12:24:32,8,38668,37587,37526,38643,39365,38954,27546,23632,23578,37274,36364,36332,37189,37757,37399,27823,24569,24402,
839,81,81, 04.03.2026 12:24:32,9,38663,37579,37545,38643,39351,38930,27586,23626,23594,37228,36368,36367,37183,37762,37405,27863,24570,24424,
840,82,82, 04.03.2026 12:24:33,0,38660,37590,37547,38629,39376,39265,28156,23645,23550,37266,36399,36397,37239,37775,37652,28321,24579,24413,
841,82,82, 04.03.2026 12:24:33,1,38669,37619,37566,38611,39357,39291,28226,23658,23607,37292,36387,36371,37238,37784,37682,28415,24594,24443,
842,82,82, 04.03.2026 12:24:33,2,38645,37572,37576,38657,39402,39330,28181,23671,23624,37281,36383,36361,37208,37774,37704,28397,24584,24426,
843,82,82, 04.03.2026 12:24:33,3,38681,37605,37546,38642,39390,39333,28232,23636,23574,37240,36379,36360,37232,37744,37675,28411,24606,24397,
844,82,82, 04.03.2026 12:24:33,4,38709,37576,37562,38677,39356,39344,28211,23660,23598,37251,36384,36411,37189,37787,37711,28418,24575,24418,
845,82,82, 04.03.2026 12:24:33,5,38658,37594,37525,38662,39349,39335,28324,23654,23605,37273,36377,36342,37208,37761,37711,28458,24594,24408,
846,82,82, 04.03.2026 12:24:33,6,38658,37593,37539,38662,39380,39337,28300,23624,23580,37265,36384,36359,37233,37781,37732,28474,24596,24432,
847,82,82, 04.03.2026 12:24:33,7,38661,37571,37568,38664,39374,39331,28319,23651,23607,37292,36400,36356,37219,37737,37682,28485,24607,24421,
848,82,82, 04.03.2026 12:24:33,8,38670,37591,37558,38676,39336,39356,28384,23644,23583,37257,36360,36362,37205,37767,37727,28497,24583,24436,
849,82,82, 04.03.2026 12:24:33,9,38698,37614,37510,38660,39342,39406,28361,23631,23585,37249,36391,36374,37259,37771,37724,28508,24600,24438,
850,83,83, 04.03.2026 12:24:34,0,38670,37587,37575,38653,39329,39655,29068,23622,23583,37271,36367,36405,37240,37760,37971,29114,24598,24450,
851,83,83, 04.03.2026 12:24:34,1,38698,37573,37534,38647,39356,39665,29076,23664,23604,37281,36385,36368,37245,37750,37955,29120,24594,24418,
852,83,83, 04.03.2026 12:24:34,2,38665,37566,37510,38628,39325,39675,29114,23648,23585,37258,36405,36385,37230,37742,37991,29132,24624,24436,
853,83,83, 04.03.2026 12:24:34,3,38644,37561,37555,38649,39354,39657,29155,23657,23590,37280,36391,36376,37203,37751,38028,29180,24626,24414,
854,83,83, 04.03.2026 12:24:34,4,38642,37554,37518,38613,39351,39679,29148,23629,23600,37255,36395,36379,37229,37766,37989,29206,24610,24412,
855,83,83, 04.03.2026 12:24:34,5,38656,37547,37541,38642,39352,39673,29179,23654,23563,37246,36379,36413,37212,37771,38038,29179,24602,24461,
856,83,83, 04.03.2026 12:24:34,6,38669,37601,37526,38660,39324,39673,29193,23652,23588,37272,36409,36376,37219,37760,37999,29236,24604,24464,
857,83,83, 04.03.2026 12:24:34,7,38675,37573,37546,38664,39347,39719,29180,23663,23576,37233,36407,36380,37226,37766,38007,29238,24609,24413,
858,83,83, 04.03.2026 12:24:34,8,38645,37593,37549,38659,39342,39718,29286,23671,23576,37295,36372,36397,37235,37773,38031,29215,24630,24423,
859,83,83, 04.03.2026 12:24:34,9,38671,37555,37513,38613,39354,39690,29253,23623,23586,37259,36355,36381,37234,37769,38016,29237,24616,24432,
860,84,84, 04.03.2026 12:24:34,0,38649,37519,37538,38612,39311,39937,30088,23646,23551,37267,36393,36362,37218,37759,38220,30055,24626,24421,
861,84,84, 04.03.2026 12:24:34,1,38640,37553,37506,38570,39337,39936,30144,23648,23578,37265,36382,36359,37217,37774,38238,30044,24633,24455,
862,84,84, 04.03.2026 12:24:34,2,38636,37526,37511,38612,39322,39979,30163,23644,23570,37278,36400,36400,37246,37733,38233,30065,24664,24447,
863,84,84, 04.03.2026 12:24:34,3,38641,37579,37482,38593,39305,39939,30191,23677,23602,37270,36387,36364,37220,37809,38215,30122,24642,24427,
864,84,84, 04.03.2026 12:24:34,4,38662,37563,37460,38613,39336,39948,30264,23669,23565,37253,36379,36351,37219,37769,38259,30128,24631,24436,
865,84,84, 04.03.2026 12:24:34,5,38603,37592,37517,38593,39305,39939,30208,23653,23583,37263,36371,36380,37234,37753,38277,30138,24641,24434,
866,84,84, 04.03.2026 12:24:34,6,38650,37571,37509,38590,39330,39966,30294,23674,23583,37267,36361,36388,37201,37774,38252,30141,24626,24452,
867,84,84, 04.03.2026 12:24:34,7,38616,37538,37516,38577,39306,39944,30285,23652,23604,37297,36371,36379,37215,37778,38256,30160,24641,24449,
868,84,84, 04.03.2026 12:24:34,8,38646,37514,37522,38588,39344,39977,30330,23641,23610,37286,36371,36376,37216,37762,38280,30172,24653,24455,
869,84,84, 04.03.2026 12:24:34,9,38635,37522,37500,38636,39318,39962,30319,23635,23607,37263,36396,36358,37208,37735,38294,30223,24651,24452,
870,85,85, 04.03.2026 12:24:35,0,38623,37505,37503,38620,39256,40153,31498,23718,23579,37312,36377,36398,37223,37781,38436,31276,24664,24461,
871,85,85, 04.03.2026 12:24:35,1,38582,37521,37514,38608,39307,40177,31528,23679,23572,37251,36375,36379,37222,37760,38434,31284,24672,24463,
872,85,85, 04.03.2026 12:24:35,2,38575,37525,37492,38600,39315,40175,31585,23695,23586,37255,36398,36369,37230,37753,38438,31292,24695,24475,
873,85,85, 04.03.2026 12:24:35,3,38604,37506,37461,38593,39283,40154,31636,23698,23576,37281,36377,36397,37246,37772,38472,31294,24671,24472,
874,85,85, 04.03.2026 12:24:35,4,38565,37551,37487,38624,39310,40165,31593,23673,23584,37240,36371,36374,37215,37740,38437,31331,24685,24440,
875,85,85, 04.03.2026 12:24:35,5,38627,37526,37490,38580,39329,40179,31636,23656,23576,37242,36386,36369,37239,37759,38436,31311,24695,24472,
876,85,85, 04.03.2026 12:24:35,6,38542,37499,37453,38594,39286,40148,31630,23684,23592,37270,36401,36380,37219,37765,38469,31347,24677,24448,
877,85,85, 04.03.2026 12:24:35,7,38604,37513,37491,38594,39300,40156,31673,23698,23631,37277,36384,36366,37232,37761,38440,31353,24667,24463,
878,85,85, 04.03.2026 12:24:35,8,38602,37500,37499,38614,39264,40171,31683,23673,23566,37221,36363,36363,37208,37791,38449,31368,24706,24497,
879,85,85, 04.03.2026 12:24:35,9,38563,37498,37483,38583,39304,40176,31699,23677,23590,37285,36386,36379,37217,37778,38440,31380,24666,24479,
880,86,86, 04.03.2026 12:24:36,0,38641,37483,37465,38573,39285,40243,32633,23805,23586,37303,36417,36406,37223,37747,38543,32210,24736,24489,
881,86,86, 04.03.2026 12:24:36,1,38548,37505,37448,38582,39298,40246,32665,23749,23552,37270,36390,36383,37203,37760,38533,32217,24768,24506,
882,86,86, 04.03.2026 12:24:36,2,38566,37520,37459,38610,39279,40248,32657,23781,23572,37287,36374,36390,37242,37775,38529,32240,24749,24461,
883,86,86, 04.03.2026 12:24:36,3,38613,37523,37485,38574,39295,40233,32685,23749,23597,37298,36400,36366,37218,37757,38543,32256,24764,24479,
884,86,86, 04.03.2026 12:24:36,4,38583,37527,37478,38567,39285,40255,32698,23813,23598,37274,36406,36393,37273,37734,38549,32270,24775,24478,
885,86,86, 04.03.2026 12:24:36,5,38592,37514,37447,38563,39284,40245,32732,23798,23635,37274,36397,36393,37226,37753,38531,32321,24794,24464,
886,86,86, 04.03.2026 12:24:36,6,38612,37499,37471,38557,39261,40247,32719,23797,23562,37305,36386,36400,37229,37764,38570,32302,24746,24467,
887,86,86, 04.03.2026 12:24:36,7,38591,37537,37493,38581,39279,40243,32738,23773,23565,37287,36410,36382,37237,37759,38525,32295,24778,24487,
888,86,86, 04.03.2026 12:24:36,8,38620,37523,37498,38587,39255,40255,32771,23770,23581,37275,36403,36421,37230,37781,38547,32324,24781,24491,
889,86,86, 04.03.2026 12:24:36,9,38635,37506,37468,38560,39275,40244,32788,23772,23552,37303,36396,36389,37236,37778,38506,32330,24770,24458,
890,87,87, 04.03.2026 12:24:37,0,38571,37499,37428,38552,39282,40247,33620,23897,23591,37264,36376,36410,37230,37759,38576,33060,24880,24469,
891,87,87, 04.03.2026 12:24:37,1,38600,37508,37477,38549,39249,40275,33599,23922,23603,37307,36397,36379,37221,37770,38567,33072,24874,24481,
892,87,87, 04.03.2026 12:24:37,2,38542,37507,37493,38570,39274,40262,33652,23881,23614,37286,36376,36394,37232,37806,38565,33062,24858,24490,
893,87,87, 04.03.2026 12:24:37,3,38611,37518,37431,38562,39241,40282,33666,23932,23569,37270,36394,36418,37245,37798,38557,33052,24885,24519,
894,87,87, 04.03.2026 12:24:37,4,38558,37497,37440,38554,39260,40287,33673,23901,23582,37261,36424,36396,37233,37773,38551,33102,24882,24489,
895,87,87, 04.03.2026 12:24:37,5,38597,37504,37475,38550,39257,40251,33684,23914,23575,37291,36434,36390,37254,37776,38525,33104,24888,24493,
896,87,87, 04.03.2026 12:24:37,6,38592,37512,37488,38544,39266,40233,33670,23899,23564,37296,36419,36392,37225,37777,38605,33110,24879,24503,
897,87,87, 04.03.2026 12:24:37,7,38581,37530,37457,38552,39266,40257,33696,23901,23582,37295,36411,36425,37246,37754,38563,33118,24878,24507,
898,87,87, 04.03.2026 12:24:37,8,38599,37492,37460,38552,39243,40279,33704,23862,23596,37305,36415,36395,37244,37769,38575,33130,24869,24495,
899,87,87, 04.03.2026 12:24:37,9,38587,37501,37471,38545,39208,40287,33711,23925,23560,37308,36404,36425,37225,37789,38557,33164,24892,24527,
900,88,88, 04.03.2026 12:24:38,0,38549,37501,37489,38555,39271,40271,34409,24098,23612,37312,36425,36425,37258,37816,38584,33799,25081,24536,
901,88,88, 04.03.2026 12:24:38,1,38592,37497,37506,38582,39269,40259,34460,24109,23559,37311,36425,36418,37251,37776,38587,33773,25068,24523,
902,88,88, 04.03.2026 12:24:38,2,38587,37497,37444,38602,39306,40259,34462,24121,23592,37306,36431,36385,37263,37833,38565,33794,25027,24487,
903,88,88, 04.03.2026 12:24:38,3,38527,37511,37442,38563,39280,40271,34510,24109,23614,37251,36428,36377,37235,37793,38593,33813,25073,24502,
904,88,88, 04.03.2026 12:24:38,4,38595,37505,37472,38549,39264,40247,34512,24124,23585,37309,36435,36415,37241,37803,38583,33789,25055,24525,
905,88,88, 04.03.2026 12:24:38,5,38603,37513,37490,38531,39278,40282,34486,24146,23603,37309,36402,36419,37233,37818,38595,33842,25091,24468,
906,88,88, 04.03.2026 12:24:38,6,38617,37511,37498,38595,39268,40262,34512,24146,23598,37316,36444,36430,37263,37762,38587,33839,25086,24487,
907,88,88, 04.03.2026 12:24:38,7,38635,37532,37465,38564,39257,40280,34562,24132,23599,37289,36414,36415,37271,37788,38607,33829,25097,24524,
908,88,88, 04.03.2026 12:24:38,8,38593,37494,37473,38550,39256,40271,34532,24160,23572,37284,36409,36399,37249,37799,38602,33850,25070,24514,
909,88,88, 04.03.2026 12:24:38,9,38585,37498,37472,38560,39250,40282,34556,24141,23586,37311,36404,36437,37238,37792,38591,33868,25087,24521,
910,89,89, 04.03.2026 12:24:39,0,38569,37478,37446,38530,39251,40260,35337,24397,23557,37303,36438,36409,37239,37812,38597,34528,25340,24518,
911,89,89, 04.03.2026 12:24:39,1,38559,37464,37452,38499,39290,40216,35346,24390,23589,37290,36436,36381,37239,37780,38581,34588,25324,24500,
912,89,89, 04.03.2026 12:24:39,2,38568,37486,37478,38530,39218,40243,35391,24438,23558,37298,36423,36423,37263,37782,38569,34521,25365,24518,
913,89,89, 04.03.2026 12:24:39,3,38564,37491,37475,38562,39292,40245,35393,24426,23592,37311,36459,36406,37252,37808,38579,34554,25345,24525,
914,89,89, 04.03.2026 12:24:39,4,38582,37497,37445,38550,39272,40223,35387,24454,23568,37318,36441,36452,37249,37790,38597,34594,25371,24530,
915,89,89, 04.03.2026 12:24:39,5,38557,37472,37458,38554,39266,40239,35375,24452,23570,37275,36441,36409,37253,37810,38600,34590,25358,24528,
916,89,89, 04.03.2026 12:24:39,6,38549,37461,37442,38518,39260,40229,35412,24445,23628,37319,36441,36427,37260,37787,38569,34572,25376,24519,
917,89,89, 04.03.2026 12:24:39,7,38525,37487,37428,38551,39246,40245,35419,24476,23595,37318,36442,36397,37252,37788,38610,34613,25369,24518,
918,89,89, 04.03.2026 12:24:39,8,38531,37479,37441,38508,39253,40268,35411,24443,23586,37314,36430,36435,37258,37780,38585,34640,25375,24526,
919,89,89, 04.03.2026 12:24:39,9,38528,37481,37429,38532,39257,40270,35415,24452,23569,37331,36462,36409,37267,37790,38624,34621,25358,24526,
920,90,90, 04.03.2026 12:24:39,0,38591,37454,37421,38536,39253,40225,36052,24727,23573,37325,36410,36419,37253,37785,38576,35136,25578,24515,
921,90,90, 04.03.2026 12:24:39,1,38518,37488,37452,38535,39202,40232,36077,24744,23580,37327,36421,36402,37264,37797,38599,35143,25608,24530,
922,90,90, 04.03.2026 12:24:39,2,38571,37447,37433,38527,39239,40245,36099,24741,23592,37325,36443,36396,37261,37786,38563,35138,25604,24537,
923,90,90, 04.03.2026 12:24:39,3,38585,37476,37398,38574,39220,40232,36115,24733,23577,37360,36431,36406,37263,37798,38574,35188,25645,24525,
924,90,90, 04.03.2026 12:24:39,4,38581,37460,37441,38553,39222,40217,36097,24770,23577,37285,36472,36420,37271,37807,38593,35198,25622,24528,
925,90,90, 04.03.2026 12:24:39,5,38591,37492,37436,38508,39245,40242,36129,24765,23581,37301,36454,36417,37284,37783,38596,35182,25646,24515,
926,90,90, 04.03.2026 12:24:39,6,38529,37509,37409,38532,39217,40231,36115,24782,23569,37311,36443,36392,37262,37800,38588,35199,25612,24554,
927,90,90, 04.03.2026 12:24:39,7,38553,37468,37422,38512,39247,40219,36113,24789,23574,37326,36437,36434,37244,37781,38572,35219,25642,24540,
928,90,90, 04.03.2026 12:24:39,8,38555,37503,37429,38547,39262,40267,36140,24779,23575,37334,36416,36415,37278,37784,38572,35235,25649,24509,
929,90,90, 04.03.2026 12:24:39,9,38550,37437,37414,38549,39243,40223,36155,24787,23589,37324,36428,36391,37258,37789,38599,35253,25657,24541,
930,91,91, 04.03.2026 12:24:40,0,38608,37460,37433,38553,39270,40239,36788,25213,23569,37331,36439,36429,37299,37816,38590,35806,26007,24555,
931,91,91, 04.03.2026 12:24:40,1,38503,37472,37423,38537,39247,40259,36825,25245,23550,37340,36421,36417,37268,37797,38603,35824,26071,24553,
932,91,91, 04.03.2026 12:24:40,2,38564,37477,37403,38517,39243,40233,36844,25264,23586,37386,36423,36430,37281,37846,38593,35855,26053,24569,
933,91,91, 04.03.2026 12:24:40,3,38535,37490,37407,38509,39217,40223,36867,25273,23595,37310,36443,36437,37252,37779,38581,35871,26020,24533,
934,91,91, 04.03.2026 12:24:40,4,38555,37471,37441,38504,39277,40215,36884,25226,23558,37314,36449,36427,37258,37823,38619,35856,26047,24535,
935,91,91, 04.03.2026 12:24:40,5,38561,37475,37425,38520,39228,40202,36845,25280,23602,37318,36464,36422,37252,37799,38611,35848,26071,24552,
936,91,91, 04.03.2026 12:24:40,6,38530,37444,37437,38525,39204,40249,36880,25258,23583,37317,36455,36423,37288,37808,38610,35848,26071,24548,
937,91,91, 04.03.2026 12:24:40,7,38574,37477,37405,38518,39254,40243,36871,25282,23566,37323,36422,36426,37254,37832,38580,35875,26084,24536,
938,91,91, 04.03.2026 12:24:40,8,38550,37439,37408,38530,39238,40221,36923,25320,23575,37320,36448,36427,37291,37828,38574,35872,26094,24564,
939,91,91, 04.03.2026 12:24:40,9,38534,37451,37405,38546,39237,40237,36873,25314,23598,37319,36432,36432,37258,37793,38625,35887,26054,24549,
940,92,92, 04.03.2026 12:24:41,0,38519,37476,37454,38495,39223,40245,37504,25769,23579,37322,36473,36480,37262,37841,38626,36398,26449,24570,
941,92,92, 04.03.2026 12:24:41,1,38538,37480,37427,38547,39240,40241,37486,25789,23593,37341,36476,36453,37304,37815,38629,36422,26514,24551,
942,92,92, 04.03.2026 12:24:41,2,38569,37460,37445,38519,39234,40185,37479,25768,23591,37326,36454,36476,37227,37801,38629,36417,26481,24592,
943,92,92, 04.03.2026 12:24:41,3,38552,37467,37430,38524,39228,40202,37471,25797,23583,37346,36446,36452,37269,37814,38618,36416,26497,24583,
944,92,92, 04.03.2026 12:24:41,4,38523,37466,37432,38538,39224,40195,37501,25773,23566,37327,36452,36453,37300,37830,38619,36428,26499,24551,
945,92,92, 04.03.2026 12:24:41,5,38536,37493,37396,38470,39229,40219,37549,25770,23591,37366,36472,36437,37280,37845,38619,36441,26521,24583,
946,92,92, 04.03.2026 12:24:41,6,38558,37465,37421,38478,39224,40202,37543,25807,23572,37323,36440,36434,37272,37833,38628,36437,26547,24553,
947,92,92, 04.03.2026 12:24:41,7,38518,37473,37437,38486,39239,40226,37515,25801,23597,37363,36438,36434,37290,37800,38616,36444,26512,24595,
948,92,92, 04.03.2026 12:24:41,8,38540,37481,37456,38505,39197,40197,37556,25827,23575,37324,36485,36429,37283,37837,38615,36441,26517,24581,
949,92,92, 04.03.2026 12:24:41,9,38505,37435,37393,38504,39203,40222,37588,25837,23580,37305,36454,36422,37278,37823,38617,36430,26522,24578,
950,93,93, 04.03.2026 12:24:42,0,38553,37487,37441,38512,39233,40231,38190,26415,23622,37359,36459,36445,37329,37809,38637,36970,27037,24590,
951,93,93, 04.03.2026 12:24:42,1,38553,37479,37412,38537,39190,40225,38130,26433,23592,37348,36487,36438,37326,37835,38652,36956,27075,24588,
952,93,93, 04.03.2026 12:24:42,2,38527,37449,37402,38510,39236,40218,38181,26434,23588,37343,36466,36473,37284,37837,38614,36976,27067,24595,
953,93,93, 04.03.2026 12:24:42,3,38489,37462,37425,38525,39238,40201,38162,26415,23574,37352,36471,36467,37308,37835,38626,37001,27055,24553,
954,93,93, 04.03.2026 12:24:42,4,38523,37440,37400,38523,39228,40190,38162,26434,23575,37322,36448,36465,37289,37852,38636,36989,27063,24567,
955,93,93, 04.03.2026 12:24:42,5,38587,37451,37431,38508,39216,40196,38173,26435,23579,37344,36458,36464,37296,37837,38641,37014,27089,24577,
956,93,93, 04.03.2026 12:24:42,6,38528,37455,37433,38539,39224,40214,38170,26484,23595,37338,36476,36470,37266,37841,38644,36969,27054,24568,
957,93,93, 04.03.2026 12:24:42,7,38511,37433,37411,38512,39222,40229,38198,26464,23626,37346,36444,36473,37314,37842,38650,37009,27084,24564,
958,93,93, 04.03.2026 12:24:42,8,38536,37451,37376,38509,39230,40233,38209,26445,23543,37343,36486,36462,37283,37858,38591,37016,27116,24618,
959,93,93, 04.03.2026 12:24:42,9,38518,37433,37424,38530,39233,40195,38217,26496,23563,37360,36435,36473,37278,37812,38648,37010,27089,24606,
960,94,94, 04.03.2026 12:24:43,0,38541,37472,37426,38522,39234,40235,38775,27143,23611,37363,36490,36484,37292,37833,38639,37526,27677,24606,
961,94,94, 04.03.2026 12:24:43,1,38528,37484,37441,38507,39191,40217,38748,27181,23582,37372,36477,36455,37325,37877,38651,37534,27715,24582,
962,94,94, 04.03.2026 12:24:43,2,38534,37416,37439,38511,39212,40207,38760,27167,23608,37377,36486,36428,37297,37855,38633,37520,27697,24617,
963,94,94, 04.03.2026 12:24:43,3,38525,37464,37435,38523,39234,40216,38776,27192,23609,37351,36495,36456,37299,37872,38639,37524,27673,24629,
964,94,94, 04.03.2026 12:24:43,4,38522,37465,37407,38532,39203,40228,38788,27189,23563,37391,36479,36495,37316,37886,38615,37518,27730,24607,
965,94,94, 04.03.2026 12:24:43,5,38533,37473,37408,38462,39212,40245,38776,27211,23611,37376,36465,36463,37307,37858,38661,37499,27738,24606,
966,94,94, 04.03.2026 12:24:43,6,38579,37426,37428,38512,39219,40209,38826,27203,23607,37376,36498,36498,37314,37867,38638,37555,27749,24615,
967,94,94, 04.03.2026 12:24:43,7,38536,37456,37411,38511,39207,40227,38846,27218,23606,37398,36466,36477,37326,37887,38658,37535,27717,24606,
968,94,94, 04.03.2026 12:24:43,8,38499,37464,37426,38533,39230,40212,38811,27222,23594,37359,36459,36477,37291,37867,38665,37516,27747,24608,
969,94,94, 04.03.2026 12:24:43,9,38538,37439,37407,38520,39226,40219,38818,27242,23560,37368,36500,36489,37319,37853,38617,37567,27741,24606,
970,95,95, 04.03.2026 12:24:44,0,38485,37446,37418,38524,39217,40226,39198,27819,23621,37387,36501,36495,37327,37849,38647,37873,28253,24618,
971,95,95, 04.03.2026 12:24:44,1,38536,37443,37436,38523,39212,40189,39213,27797,23618,37400,36478,36552,37320,37888,38643,37903,28271,24674,
972,95,95, 04.03.2026 12:24:44,2,38544,37480,37403,38499,39202,40194,39203,27841,23603,37376,36508,36496,37330,37852,38663,37883,28273,24623,
973,95,95, 04.03.2026 12:24:44,3,38487,37465,37388,38504,39225,40184,39234,27852,23615,37382,36508,36503,37337,37869,38672,37953,28302,24593,
974,95,95, 04.03.2026 12:24:44,4,38472,37469,37434,38479,39217,40197,39199,27846,23585,37382,36498,36499,37341,37833,38660,37921,28270,24626,
975,95,95, 04.03.2026 12:24:44,5,38527,37445,37398,38525,39200,40207,39253,27859,23633,37375,36495,36489,37336,37871,38632,37912,28282,24593,
976,95,95, 04.03.2026 12:24:44,6,38576,37460,37438,38533,39198,40189,39243,27872,23592,37399,36491,36472,37316,37872,38661,37927,28293,24622,
977,95,95, 04.03.2026 12:24:44,7,38528,37444,37469,38474,39206,40228,39268,27872,23609,37385,36521,36492,37331,37861,38647,37907,28311,24631,
978,95,95, 04.03.2026 12:24:44,8,38572,37441,37385,38474,39237,40193,39230,27883,23620,37370,36522,36490,37329,37865,38649,37887,28315,24592,
979,95,95, 04.03.2026 12:24:44,9,38534,37458,37396,38498,39204,40208,39280,27950,23581,37393,36516,36496,37348,37872,38633,37903,28345,24618,
980,96,96, 04.03.2026 12:24:44,0,38465,37449,37413,38492,39217,40199,39539,28557,23625,37404,36527,36510,37354,37878,38667,38168,28864,24649,
981,96,96, 04.03.2026 12:24:44,1,38511,37447,37398,38493,39190,40173,39562,28592,23570,37385,36507,36512,37323,37889,38642,38177,28887,24644,
982,96,96, 04.03.2026 12:24:44,2,38540,37463,37414,38455,39220,40209,39573,28560,23595,37383,36510,36515,37365,37882,38645,38187,28881,24625,
983,96,96, 04.03.2026 12:24:44,3,38540,37460,37410,38494,39209,40185,39550,28600,23609,37402,36535,36522,37306,37875,38667,38189,28916,24646,
984,96,96, 04.03.2026 12:24:44,4,38526,37432,37405,38475,39196,40210,39560,28603,23595,37390,36511,36476,37327,37889,38641,38173,28903,24644,
985,96,96, 04.03.2026 12:24:44,5,38505,37439,37406,38491,39217,40171,39569,28595,23606,37406,36506,36485,37343,37886,38635,38158,28937,24609,
986,96,96, 04.03.2026 12:24:44,6,38490,37425,37405,38478,39218,40240,39566,28619,23594,37421,36510,36491,37349,37860,38691,38216,28930,24620,
987,96,96, 04.03.2026 12:24:44,7,38566,37434,37405,38494,39239,40181,39592,28592,23588,37393,36509,36477,37344,37892,38686,38190,28905,24643,
988,96,96, 04.03.2026 12:24:44,8,38526,37448,37405,38522,39197,40188,39576,28611,23590,37395,36524,36495,37347,37874,38648,38233,28955,24629,
989,96,96, 04.03.2026 12:24:44,9,38528,37425,37401,38494,39203,40183,39603,28641,23572,37405,36521,36475,37332,37886,38652,38221,28980,24620,
990,97,97, 04.03.2026 12:24:45,0,38508,37413,37374,38483,39232,40220,39815,29408,23600,37421,36529,36533,37321,37858,38668,38442,29588,24647,
991,97,97, 04.03.2026 12:24:45,1,38557,37457,37409,38517,39245,40198,39813,29424,23607,37403,36497,36542,37346,37853,38651,38448,29610,24643,
992,97,97, 04.03.2026 12:24:45,2,38536,37398,37371,38486,39188,40179,39838,29385,23598,37427,36512,36511,37373,37880,38653,38433,29630,24649,
993,97,97, 04.03.2026 12:24:45,3,38532,37434,37393,38488,39214,40172,39856,29464,23638,37408,36538,36505,37340,37886,38646,38470,29661,24639,
994,97,97, 04.03.2026 12:24:45,4,38522,37470,37416,38505,39157,40193,39838,29440,23601,37413,36533,36507,37314,37888,38669,38455,29630,24661,
995,97,97, 04.03.2026 12:24:45,5,38491,37450,37396,38478,39193,40189,39835,29441,23616,37418,36533,36490,37333,37872,38659,38408,29657,24642,
996,97,97, 04.03.2026 12:24:45,6,38564,37455,37385,38479,39190,40175,39850,29434,23566,37415,36530,36513,37368,37862,38684,38448,29656,24629,
997,97,97, 04.03.2026 12:24:45,7,38480,37407,37399,38481,39193,40189,39870,29453,23605,37437,36521,36484,37355,37906,38684,38422,29694,24653,
998,97,97, 04.03.2026 12:24:45,8,38494,37418,37389,38490,39186,40217,39840,29504,23598,37382,36521,36518,37351,37878,38659,38459,29689,24665,
999,97,97, 04.03.2026 12:24:45,9,38553,37454,37411,38493,39181,40175,39856,29480,23586,37436,36509,36508,37337,37857,38668,38473,29713,24648,
1000,98,98, 04.03.2026 12:24:46,0,38521,37435,37402,38490,39205,40165,40046,30275,23619,37406,36564,36522,37359,37894,38669,38649,30434,24668,
1001,98,98, 04.03.2026 12:24:46,1,38534,37412,37365,38463,39168,40174,40043,30291,23647,37414,36518,36499,37344,37884,38662,38650,30419,24663,
1002,98,98, 04.03.2026 12:24:46,2,38501,37371,37394,38459,39203,40152,40039,30346,23643,37393,36530,36534,37341,37904,38676,38638,30478,24704,
1003,98,98, 04.03.2026 12:24:46,3,38491,37408,37405,38446,39176,40166,40089,30353,23605,37401,36517,36507,37359,37863,38700,38623,30471,24673,
1004,98,98, 04.03.2026 12:24:46,4,38519,37436,37385,38472,39210,40208,40047,30372,23626,37385,36559,36522,37331,37881,38694,38635,30489,24655,
1005,98,98, 04.03.2026 12:24:46,5,38516,37442,37390,38456,39178,40154,40079,30336,23581,37413,36493,36492,37365,37917,38670,38658,30469,24680,
1006,98,98, 04.03.2026 12:24:46,6,38518,37393,37398,38468,39184,40180,40028,30376,23602,37452,36540,36526,37354,37883,38650,38655,30481,24697,
1007,98,98, 04.03.2026 12:24:46,7,38529,37405,37368,38502,39189,40141,40058,30381,23642,37412,36538,36510,37350,37870,38668,38645,30517,24691,
1008,98,98, 04.03.2026 12:24:46,8,38494,37400,37371,38442,39190,40189,40063,30403,23600,37404,36526,36518,37365,37884,38688,38666,30495,24667,
1009,98,98, 04.03.2026 12:24:46,9,38546,37432,37393,38474,39189,40194,40097,30408,23621,37418,36523,36505,37350,37869,38684,38676,30532,24652,
1010,99,99, 04.03.2026 12:24:46,0,38474,37417,37398,38459,39172,40179,40210,31293,23650,37422,36548,36523,37359,37898,38678,38780,31287,24701,
1011,99,99, 04.03.2026 12:24:46,1,38508,37408,37376,38454,39190,40204,40221,31322,23653,37408,36536,36521,37387,37886,38690,38776,31333,24733,
1012,99,99, 04.03.2026 12:24:46,2,38480,37407,37399,38464,39176,40178,40204,31334,23641,37410,36523,36535,37359,37902,38672,38758,31379,24707,
1013,99,99, 04.03.2026 12:24:46,3,38513,37384,37375,38486,39189,40136,40239,31334,23631,37402,36553,36501,37353,37868,38684,38772,31359,24738,
1014,99,99, 04.03.2026 12:24:46,4,38511,37411,37398,38480,39159,40164,40207,31359,23634,37420,36526,36552,37360,37894,38646,38773,31389,24700,
1015,99,99, 04.03.2026 12:24:46,5,38464,37382,37403,38468,39189,40153,40241,31397,23637,37435,36538,36527,37358,37908,38702,38793,31398,24730,
1016,99,99, 04.03.2026 12:24:46,6,38480,37443,37384,38462,39180,40156,40230,31390,23634,37414,36540,36519,37355,37919,38645,38783,31406,24703,
1017,99,99, 04.03.2026 12:24:46,7,38488,37379,37368,38474,39178,40159,40249,31437,23640,37384,36546,36542,37368,37850,38687,38817,31418,24709,
1018,99,99, 04.03.2026 12:24:46,8,38491,37390,37368,38499,39186,40133,40197,31470,23627,37424,36579,36546,37353,37911,38681,38791,31425,24718,
1019,99,99, 04.03.2026 12:24:46,9,38477,37384,37382,38466,39205,40177,40223,31462,23650,37417,36554,36516,37371,37876,38669,38819,31428,24695,
1020,100,100, 04.03.2026 12:24:47,0,38464,37393,37371,38430,39155,40142,40301,32558,23734,37406,36540,36527,37369,37906,38694,38914,32400,24821,
1021,100,100, 04.03.2026 12:24:47,1,38460,37376,37359,38436,39140,40130,40331,32582,23692,37421,36541,36492,37365,37908,38681,38886,32424,24826,
1022,100,100, 04.03.2026 12:24:47,2,38443,37400,37344,38466,39147,40140,40337,32585,23720,37418,36534,36527,37391,37902,38699,38871,32433,24797,
1023,100,100, 04.03.2026 12:24:47,3,38459,37399,37381,38472,39165,40127,40303,32601,23732,37436,36546,36562,37357,37898,38677,38886,32427,24815,
1024,100,100, 04.03.2026 12:24:47,4,38426,37392,37373,38387,39130,40144,40274,32626,23723,37438,36551,36534,37357,37889,38670,38873,32444,24807,
1025,100,100, 04.03.2026 12:24:47,5,38462,37392,37360,38454,39166,40130,40319,32590,23735,37411,36540,36557,37371,37884,38698,38865,32445,24828,
1026,100,100, 04.03.2026 12:24:47,6,38420,37408,37387,38443,39136,40151,40301,32612,23748,37426,36540,36514,37412,37913,38693,38908,32476,24819,
1027,100,100, 04.03.2026 12:24:47,7,38466,37410,37385,38424,39154,40135,40305,32651,23711,37432,36589,36573,37365,37899,38679,38882,32478,24831,
1028,100,100, 04.03.2026 12:24:47,8,38486,37439,37314,38464,39174,40139,40296,32654,23706,37426,36570,36537,37390,37908,38685,38903,32490,24820,
1029,100,100, 04.03.2026 12:24:47,9,38476,37404,37331,38450,39158,40149,40292,32659,23741,37441,36551,36541,37378,37894,38699,38884,32468,24813,
1030,101,101, 04.03.2026 12:24:49,0,38476,37417,37360,38428,39136,40114,40289,33685,23866,37465,36543,36514,37377,37907,38696,38928,33360,24941,
1031,101,101, 04.03.2026 12:24:49,1,38473,37402,37359,38444,39186,40127,40322,33659,23882,37443,36563,36547,37388,37916,38684,38925,33341,24919,
1032,101,101, 04.03.2026 12:24:49,2,38443,37394,37342,38472,39161,40133,40310,33645,23902,37426,36573,36537,37361,37889,38678,38880,33345,24962,
1033,101,101, 04.03.2026 12:24:49,3,38532,37389,37355,38440,39142,40147,40338,33662,23916,37456,36572,36556,37363,37888,38699,38933,33341,24929,
1034,101,101, 04.03.2026 12:24:49,4,38462,37384,37326,38443,39156,40123,40297,33665,23894,37455,36568,36560,37394,37929,38696,38904,33356,24970,
1035,101,101, 04.03.2026 12:24:49,5,38483,37434,37351,38453,39152,40113,40302,33714,23875,37405,36562,36550,37391,37906,38702,38922,33359,24918,
1036,101,101, 04.03.2026 12:24:49,6,38424,37380,37363,38434,39130,40137,40299,33671,23869,37433,36587,36542,37386,37889,38688,38908,33361,24915,
1037,101,101, 04.03.2026 12:24:49,7,38422,37389,37336,38440,39142,40128,40300,33691,23880,37466,36564,36571,37383,37909,38669,38907,33332,24975,
1038,101,101, 04.03.2026 12:24:49,8,38496,37407,37351,38435,39129,40136,40308,33676,23924,37475,36569,36511,37389,37915,38714,38881,33380,24972,
1039,101,101, 04.03.2026 12:24:49,9,38456,37369,37316,38422,39156,40139,40296,33695,23917,37450,36569,36567,37349,37928,38660,38879,33394,24967,
1040,102,102, 04.03.2026 12:24:49,0,38491,37411,37349,38465,39122,40100,40316,34702,24166,37449,36594,36542,37415,37955,38713,38935,34286,25161,
1041,102,102, 04.03.2026 12:24:49,1,38506,37384,37355,38454,39153,40167,40337,34731,24143,37476,36604,36575,37399,37953,38689,38939,34259,25171,
1042,102,102, 04.03.2026 12:24:49,2,38525,37393,37340,38431,39101,40102,40322,34766,24175,37450,36588,36542,37408,37922,38714,38937,34261,25216,
1043,102,102, 04.03.2026 12:24:49,3,38459,37407,37358,38405,39115,40119,40310,34754,24149,37434,36589,36586,37387,37947,38719,38931,34281,25193,
1044,102,102, 04.03.2026 12:24:49,4,38430,37345,37367,38437,39112,40134,40341,34744,24130,37471,36572,36570,37392,37929,38734,38937,34280,25178,
1045,102,102, 04.03.2026 12:24:49,5,38520,37386,37364,38435,39140,40124,40301,34722,24151,37508,36576,36581,37379,37945,38709,38931,34293,25206,
1046,102,102, 04.03.2026 12:24:49,6,38480,37391,37358,38422,39160,40132,40319,34770,24196,37456,36577,36581,37378,37936,38730,38963,34297,25208,
1047,102,102, 04.03.2026 12:24:49,7,38425,37412,37318,38417,39150,40115,40320,34752,24144,37451,36609,36569,37395,37900,38708,38919,34306,25181,
1048,102,102, 04.03.2026 12:24:49,8,38506,37411,37389,38433,39156,40128,40320,34780,24143,37464,36604,36592,37379,37953,38709,38942,34297,25186,
1049,102,102, 04.03.2026 12:24:49,9,38386,37384,37346,38422,39131,40092,40334,34774,24192,37473,36565,36610,37406,37922,38678,38937,34291,25204,
1050,103,103, 04.03.2026 12:24:50,0,38480,37381,37348,38436,39145,40112,40346,35732,24496,37473,36575,36553,37406,37957,38716,38985,35104,25478,
1051,103,103, 04.03.2026 12:24:50,1,38424,37388,37366,38415,39138,40124,40291,35699,24518,37493,36581,36593,37412,37936,38717,38948,35127,25519,
1052,103,103, 04.03.2026 12:24:50,2,38420,37405,37340,38432,39139,40139,40294,35730,24484,37461,36580,36586,37413,37935,38758,38964,35150,25497,
1053,103,103, 04.03.2026 12:24:50,3,38495,37365,37332,38413,39148,40104,40287,35719,24516,37458,36578,36537,37413,37917,38769,38961,35137,25490,
1054,103,103, 04.03.2026 12:24:50,4,38466,37352,37303,38416,39133,40123,40335,35715,24522,37486,36600,36539,37392,37936,38738,38956,35139,25495,
1055,103,103, 04.03.2026 12:24:50,5,38462,37382,37344,38442,39153,40105,40299,35747,24515,37471,36584,36584,37409,37937,38722,38964,35154,25545,
1056,103,103, 04.03.2026 12:24:50,6,38478,37352,37366,38420,39123,40107,40313,35765,24529,37498,36588,36568,37410,37939,38706,38969,35143,25535,
1057,103,103, 04.03.2026 12:24:50,7,38395,37377,37339,38446,39138,40117,40307,35745,24516,37477,36607,36584,37413,37946,38714,38952,35182,25515,
1058,103,103, 04.03.2026 12:24:50,8,38415,37377,37338,38432,39120,40122,40320,35764,24559,37502,36600,36563,37397,37909,38732,38947,35132,25514,
1059,103,103, 04.03.2026 12:24:50,9,38438,37366,37331,38438,39134,40083,40290,35763,24543,37452,36603,36570,37408,37968,38726,38944,35145,25545,
1060,104,104, 04.03.2026 12:24:51,0,38478,37342,37277,38400,39108,40117,40264,36821,25094,37482,36616,36597,37414,37964,38733,38962,36103,26011,
1061,104,104, 04.03.2026 12:24:51,1,38433,37359,37299,38424,39108,40093,40281,36845,25126,37527,36604,36605,37406,37950,38727,38955,36087,25996,
1062,104,104, 04.03.2026 12:24:51,2,38465,37373,37312,38401,39109,40101,40302,36843,25128,37476,36576,36595,37402,37940,38740,38970,36074,26003,
1063,104,104, 04.03.2026 12:24:51,3,38448,37357,37318,38425,39097,40081,40311,36887,25128,37462,36637,36588,37406,37928,38720,38933,36126,26028,
1064,104,104, 04.03.2026 12:24:51,4,38416,37349,37335,38391,39135,40098,40299,36887,25088,37470,36615,36572,37414,37945,38723,38954,36131,26021,
1065,104,104, 04.03.2026 12:24:51,5,38421,37369,37344,38404,39114,40079,40310,36867,25092,37492,36612,36568,37383,37923,38746,38948,36134,26053,
1066,104,104, 04.03.2026 12:24:51,6,38459,37351,37323,38379,39108,40082,40310,36903,25120,37480,36616,36599,37414,37944,38727,38930,36122,26021,
1067,104,104, 04.03.2026 12:24:51,7,38435,37347,37300,38387,39085,40077,40286,36911,25103,37503,36600,36585,37395,37949,38720,38940,36157,26020,
1068,104,104, 04.03.2026 12:24:51,8,38426,37339,37319,38421,39091,40115,40250,36900,25127,37494,36616,36597,37403,37956,38737,38967,36149,26053,
1069,104,104, 04.03.2026 12:24:51,9,38415,37363,37314,38389,39090,40100,40285,36925,25126,37470,36591,36586,37408,37956,38702,38953,36183,26030,
1070,105,105, 04.03.2026 12:24:52,0,38395,37364,37290,38406,39094,40109,40276,37529,25598,37502,36616,36591,37430,37945,38747,38985,36717,26457,
1071,105,105, 04.03.2026 12:24:52,1,38415,37343,37281,38381,39111,40080,40291,37550,25610,37474,36602,36609,37416,37943,38740,38967,36700,26467,
1072,105,105, 04.03.2026 12:24:52,2,38445,37340,37293,38388,39086,40081,40261,37552,25586,37475,36607,36577,37436,37992,38714,38944,36711,26468,
1073,105,105, 04.03.2026 12:24:52,3,38397,37361,37311,38374,39068,40104,40288,37554,25647,37482,36623,36603,37423,37967,38740,38943,36757,26456,
1074,105,105, 04.03.2026 12:24:52,4,38399,37342,37313,38389,39083,40073,40274,37623,25695,37463,36627,36609,37445,37961,38732,39005,36783,26496,
1075,105,105, 04.03.2026 12:24:52,5,38431,37383,37309,38409,39103,40083,40301,37649,25639,37482,36623,36603,37427,37975,38718,39005,36760,26476,
1076,105,105, 04.03.2026 12:24:52,6,38383,37359,37312,38399,39085,40092,40293,37652,25678,37523,36637,36593,37427,37957,38760,38958,36807,26465,
1077,105,105, 04.03.2026 12:24:52,7,38406,37340,37323,38409,39092,40055,40311,37634,25689,37482,36646,36600,37453,37933,38739,38958,36772,26510,
1078,105,105, 04.03.2026 12:24:52,8,38456,37343,37320,38425,39076,40066,40270,37658,25686,37487,36623,36594,37387,37986,38735,39016,36789,26508,
1079,105,105, 04.03.2026 12:24:52,9,38387,37337,37293,38402,39102,40077,40290,37651,25688,37506,36643,36584,37417,37976,38744,38943,36798,26528,
1080,106,106, 04.03.2026 12:24:54,0,38447,37369,37311,38376,39098,40078,40302,38542,26469,37511,36641,36626,37466,37989,38766,39016,37597,27156,
1081,106,106, 04.03.2026 12:24:54,1,38462,37326,37283,38409,39083,40105,40292,38554,26431,37514,36628,36627,37461,37944,38750,38990,37589,27156,
1082,106,106, 04.03.2026 12:24:54,2,38405,37331,37262,38392,39091,40089,40267,38557,26458,37516,36633,36636,37436,37979,38741,39009,37586,27140,
1083,106,106, 04.03.2026 12:24:54,3,38411,37334,37302,38376,39101,40083,40262,38547,26451,37489,36691,36640,37426,37984,38785,38977,37559,27164,
1084,106,106, 04.03.2026 12:24:54,4,38381,37359,37307,38400,39104,40078,40313,38584,26456,37540,36607,36634,37448,37990,38766,39012,37591,27146,
1085,106,106, 04.03.2026 12:24:54,5,38432,37359,37294,38407,39118,40083,40260,38543,26508,37492,36658,36612,37455,37991,38768,39002,37557,27176,
1086,106,106, 04.03.2026 12:24:54,6,38378,37365,37309,38403,39083,40068,40290,38549,26492,37514,36659,36625,37457,37986,38732,39021,37588,27172,
1087,106,106, 04.03.2026 12:24:54,7,38379,37331,37310,38384,39057,40062,40288,38584,26478,37495,36643,36615,37448,37985,38760,39023,37631,27184,
1088,106,106, 04.03.2026 12:24:54,8,38405,37353,37297,38350,39068,40061,40265,38618,26467,37516,36649,36593,37461,37971,38763,39001,37600,27172,
1089,106,106, 04.03.2026 12:24:54,9,38389,37339,37304,38375,39086,40040,40269,38578,26493,37500,36657,36633,37436,37988,38755,38995,37640,27200,
1090,107,107, 04.03.2026 12:24:55,0,38411,37351,37319,38369,39090,40107,40296,39232,27224,37506,36661,36628,37462,37998,38770,39005,38154,27846,
1091,107,107, 04.03.2026 12:24:55,1,38385,37357,37309,38362,39067,40053,40244,39189,27224,37524,36700,36648,37471,37977,38777,39027,38148,27831,
1092,107,107, 04.03.2026 12:24:55,2,38401,37311,37331,38391,39054,40031,40241,39196,27250,37589,36671,36611,37471,38015,38762,38978,38158,27850,
1093,107,107, 04.03.2026 12:24:55,3,38389,37339,37301,38375,39119,40084,40295,39252,27249,37554,36664,36644,37475,37972,38758,38995,38137,27881,
1094,107,107, 04.03.2026 12:24:55,4,38395,37334,37324,38366,39070,40072,40243,39219,27262,37532,36646,36641,37466,37978,38772,38971,38138,27857,
1095,107,107, 04.03.2026 12:24:55,5,38404,37329,37291,38391,39074,40045,40273,39238,27242,37538,36661,36660,37449,38018,38778,38993,38147,27852,
1096,107,107, 04.03.2026 12:24:55,6,38424,37304,37259,38367,39094,40051,40268,39248,27269,37544,36679,36625,37478,38006,38800,39013,38169,27885,
1097,107,107, 04.03.2026 12:24:55,7,38422,37333,37294,38368,39105,40097,40287,39272,27271,37525,36659,36596,37467,37996,38788,39006,38147,27895,
1098,107,107, 04.03.2026 12:24:55,8,38380,37280,37319,38349,39071,40065,40235,39223,27269,37536,36633,36630,37460,37981,38775,39013,38169,27859,
1099,107,107, 04.03.2026 12:24:55,9,38435,37360,37292,38375,39050,40037,40263,39247,27258,37546,36671,36605,37488,37973,38799,39030,38169,27866,
1100,108,108, 04.03.2026 12:24:56,0,38374,37364,37298,38378,39118,40071,40227,39760,28099,37531,36658,36645,37488,37980,38768,39030,38609,28565,
1101,108,108, 04.03.2026 12:24:56,1,38450,37305,37296,38385,39072,40030,40257,39774,28085,37605,36701,36665,37490,37999,38793,39000,38616,28610,
1102,108,108, 04.03.2026 12:24:56,2,38403,37321,37284,38379,39072,40101,40263,39774,28131,37553,36669,36623,37453,38016,38754,39025,38672,28589,
1103,108,108, 04.03.2026 12:24:56,3,38405,37331,37266,38390,39062,40049,40229,39805,28112,37567,36680,36661,37501,38003,38786,39017,38652,28604,
1104,108,108, 04.03.2026 12:24:56,4,38445,37343,37273,38415,39046,40074,40245,39782,28171,37562,36678,36624,37507,38032,38770,39035,38627,28632,
1105,108,108, 04.03.2026 12:24:56,5,38362,37311,37288,38377,39063,40076,40257,39769,28163,37554,36665,36624,37481,38035,38811,39063,38637,28655,
1106,108,108, 04.03.2026 12:24:56,6,38422,37310,37304,38400,39055,40065,40266,39767,28217,37552,36696,36657,37492,38000,38790,38988,38645,28668,
1107,108,108, 04.03.2026 12:24:56,7,38384,37279,37314,38393,39093,40044,40242,39808,28186,37538,36674,36639,37493,38000,38776,39025,38632,28700,
1108,108,108, 04.03.2026 12:24:56,8,38394,37321,37299,38377,39054,40057,40285,39807,28209,37561,36662,36642,37491,38013,38782,39033,38665,28682,
1109,108,108, 04.03.2026 12:24:56,9,38410,37323,37297,38334,39093,40065,40247,39777,28189,37540,36694,36629,37486,38009,38784,39049,38652,28678,
1110,109,109, 04.03.2026 12:24:57,0,38392,37329,37279,38348,39064,40069,40233,40230,29033,37558,36726,36668,37460,38031,38799,39068,39026,29398,
1111,109,109, 04.03.2026 12:24:57,1,38437,37329,37281,38360,39095,40048,40264,40238,29052,37599,36738,36667,37485,38065,38804,39032,39036,29433,
1112,109,109, 04.03.2026 12:24:57,2,38452,37338,37299,38357,39084,40049,40249,40242,29086,37589,36704,36665,37502,38041,38812,39055,39038,29471,
1113,109,109, 04.03.2026 12:24:57,3,38408,37349,37290,38358,39096,40035,40252,40199,29064,37559,36693,36672,37491,38029,38812,39054,39026,29430,
1114,109,109, 04.03.2026 12:24:57,4,38435,37358,37275,38340,39040,40068,40268,40232,29097,37561,36721,36659,37490,38061,38823,39017,39027,29432,
1115,109,109, 04.03.2026 12:24:57,5,38383,37352,37300,38356,39042,40081,40252,40210,29102,37610,36688,36691,37507,38033,38818,39011,39028,29486,
1116,109,109, 04.03.2026 12:24:57,6,38407,37315,37293,38370,39084,40025,40236,40241,29112,37605,36699,36677,37520,38029,38815,39057,39034,29427,
1117,109,109, 04.03.2026 12:24:57,7,38375,37318,37322,38351,39074,40022,40253,40252,29126,37579,36685,36666,37530,38024,38825,39049,39046,29481,
1118,109,109, 04.03.2026 12:24:57,8,38429,37367,37323,38362,39062,40043,40249,40223,29131,37544,36688,36678,37524,38048,38826,39059,39053,29534,
1119,109,109, 04.03.2026 12:24:57,9,38418,37316,37291,38368,39083,40045,40265,40240,29205,37554,36725,36678,37478,38021,38839,39064,39060,29512,
1120,110,110, 04.03.2026 12:24:57,0,38404,37328,37295,38352,39064,40002,40235,40609,29889,37569,36713,36703,37491,38071,38803,39076,39372,30341,
1121,110,110, 04.03.2026 12:24:57,1,38386,37298,37300,38358,39069,40018,40212,40643,29913,37575,36713,36681,37509,38049,38843,39058,39408,30378,
1122,110,110, 04.03.2026 12:24:57,2,38431,37288,37286,38370,39031,40042,40226,40611,29897,37589,36717,36689,37531,38043,38847,39032,39408,30380,
1123,110,110, 04.03.2026 12:24:57,3,38383,37341,37286,38374,39064,40044,40247,40604,29911,37622,36726,36701,37502,38064,38805,39031,39405,30389,
1124,110,110, 04.03.2026 12:24:57,4,38415,37306,37294,38320,39064,40061,40265,40647,29897,37588,36726,36655,37529,38051,38825,39044,39388,30425,
1125,110,110, 04.03.2026 12:24:57,5,38412,37340,37272,38347,39045,40016,40251,40624,29968,37567,36725,36660,37520,38011,38836,39049,39409,30407,
1126,110,110, 04.03.2026 12:24:57,6,38390,37330,37288,38348,39078,40027,40223,40616,29954,37563,36716,36696,37525,38085,38819,39046,39402,30422,
1127,110,110, 04.03.2026 12:24:57,7,38384,37331,37276,38354,39057,40020,40240,40606,29976,37602,36742,36699,37534,38034,38821,39069,39430,30423,
1128,110,110, 04.03.2026 12:24:57,8,38392,37333,37276,38346,39053,40029,40253,40613,29968,37586,36725,36695,37541,38044,38828,39071,39394,30457,
1129,110,110, 04.03.2026 12:24:57,9,38386,37347,37321,38372,39055,40004,40261,40610,29958,37591,36718,36725,37498,38043,38806,39050,39369,30451,
1130,111,111, 04.03.2026 12:24:58,0,38397,37306,37271,38355,39050,40071,40260,40935,30803,37605,36733,36688,37526,38055,38840,39101,39680,31428,
1131,111,111, 04.03.2026 12:24:58,1,38353,37305,37277,38328,39054,40038,40219,40947,30799,37604,36724,36683,37509,38075,38810,39056,39680,31420,
1132,111,111, 04.03.2026 12:24:58,2,38393,37305,37262,38323,39040,40013,40198,40941,30787,37623,36737,36687,37559,38075,38839,39074,39668,31398,
1133,111,111, 04.03.2026 12:24:58,3,38388,37277,37273,38362,39034,40038,40211,40931,30794,37596,36755,36712,37536,38061,38835,39051,39666,31394,
1134,111,111, 04.03.2026 12:24:58,4,38346,37277,37276,38359,39058,40028,40211,40925,30827,37644,36752,36691,37531,38061,38830,39049,39652,31435,
1135,111,111, 04.03.2026 12:24:58,5,38396,37328,37288,38367,39027,40031,40237,40940,30781,37648,36744,36718,37519,38085,38812,39095,39650,31426,
1136,111,111, 04.03.2026 12:24:58,6,38347,37303,37270,38385,39026,40006,40213,40956,30824,37601,36757,36704,37519,38065,38857,39097,39645,31459,
1137,111,111, 04.03.2026 12:24:58,7,38386,37307,37247,38330,39033,40024,40215,40945,30833,37619,36751,36715,37487,38079,38846,39033,39681,31445,
1138,111,111, 04.03.2026 12:24:58,8,38357,37286,37272,38339,39049,39996,40210,40927,30804,37598,36755,36707,37523,38066,38850,39076,39687,31447,
1139,111,111, 04.03.2026 12:24:58,9,38325,37281,37258,38366,39056,40027,40213,40930,30843,37627,36755,36734,37540,38067,38857,39069,39669,31426,
1140,112,112, 04.03.2026 12:24:59,0,38373,37304,37270,38340,39036,39981,40200,41143,32015,37641,36740,36753,37578,38063,38844,39101,39893,32537,
1141,112,112, 04.03.2026 12:24:59,1,38363,37277,37284,38296,39018,40022,40230,41147,32036,37643,36800,36733,37586,38097,38857,39079,39870,32569,
1142,112,112, 04.03.2026 12:24:59,2,38309,37296,37277,38351,39029,40012,40220,41129,32120,37648,36750,36765,37520,38105,38847,39087,39876,32570,
1143,112,112, 04.03.2026 12:24:59,3,38336,37296,37264,38379,39037,40047,40198,41139,32114,37615,36747,36717,37564,38098,38835,39099,39895,32587,
1144,112,112, 04.03.2026 12:24:59,4,38378,37279,37265,38360,39037,40021,40197,41150,32102,37613,36754,36779,37574,38085,38843,39080,39857,32591,
1145,112,112, 04.03.2026 12:24:59,5,38365,37290,37287,38342,39032,39969,40229,41172,32111,37652,36763,36744,37545,38043,38854,39101,39896,32634,
1146,112,112, 04.03.2026 12:24:59,6,38348,37307,37266,38341,39005,40009,40202,41183,32162,37601,36759,36728,37539,38092,38836,39079,39870,32605,
1147,112,112, 04.03.2026 12:24:59,7,38370,37320,37267,38336,39036,40027,40178,41163,32184,37655,36747,36734,37561,38067,38873,39098,39862,32599,
1148,112,112, 04.03.2026 12:24:59,8,38347,37292,37255,38295,38993,39995,40224,41186,32153,37634,36769,36723,37572,38065,38850,39103,39893,32568,
1149,112,112, 04.03.2026 12:24:59,9,38364,37330,37246,38311,39012,40009,40209,41139,32126,37615,36747,36733,37538,38087,38836,39080,39897,32573,
1150,113,113, 04.03.2026 12:25:00,0,38339,37321,37260,38311,39034,40011,40185,41223,33445,37691,36768,36749,37568,38107,38868,39122,39968,33691,
1151,113,113, 04.03.2026 12:25:00,1,38370,37319,37245,38325,39042,40020,40242,41219,33445,37653,36779,36720,37554,38062,38909,39127,39954,33755,
1152,113,113, 04.03.2026 12:25:00,2,38337,37267,37242,38344,39030,40003,40235,41237,33481,37662,36800,36774,37575,38101,38868,39127,39954,33722,
1153,113,113, 04.03.2026 12:25:00,3,38383,37299,37261,38326,39053,39979,40178,41225,33482,37642,36798,36741,37577,38130,38902,39129,39961,33769,
1154,113,113, 04.03.2026 12:25:00,4,38329,37271,37274,38326,39034,40011,40194,41217,33514,37668,36786,36721,37583,38124,38892,39124,39955,33777,
1155,113,113, 04.03.2026 12:25:00,5,38384,37311,37303,38363,39005,40006,40172,41217,33547,37635,36778,36737,37577,38102,38895,39100,39950,33798,
1156,113,113, 04.03.2026 12:25:00,6,38432,37297,37263,38351,39023,39997,40207,41210,33517,37644,36785,36764,37576,38105,38867,39057,39968,33760,
1157,113,113, 04.03.2026 12:25:00,7,38352,37297,37268,38287,39052,40006,40197,41216,33553,37670,36798,36752,37565,38097,38895,39138,39954,33788,
1158,113,113, 04.03.2026 12:25:00,8,38373,37310,37265,38338,39036,40028,40183,41232,33547,37640,36778,36765,37579,38074,38870,39148,39938,33820,
1159,113,113, 04.03.2026 12:25:00,9,38399,37313,37261,38373,39010,40010,40185,41222,33548,37612,36755,36776,37586,38113,38908,39118,39961,33818,
1160,114,114, 04.03.2026 12:25:00,0,38379,37295,37212,38315,39009,40006,40189,41229,35114,37677,36798,36745,37581,38108,38907,39133,39994,35144,
1161,114,114, 04.03.2026 12:25:00,1,38376,37257,37265,38307,39004,40006,40180,41203,35114,37682,36818,36763,37606,38108,38897,39111,39961,35191,
1162,114,114, 04.03.2026 12:25:00,2,38367,37265,37261,38338,39017,40005,40205,41247,35207,37701,36802,36745,37592,38129,38886,39146,40004,35226,
1163,114,114, 04.03.2026 12:25:00,3,38306,37292,37244,38320,38991,39995,40172,41227,35223,37645,36799,36751,37599,38131,38873,39123,40002,35253,
1164,114,114, 04.03.2026 12:25:00,4,38339,37322,37270,38306,39021,39984,40188,41220,35206,37655,36789,36790,37575,38145,38893,39101,39968,35251,
1165,114,114, 04.03.2026 12:25:00,5,38354,37289,37249,38325,39017,39977,40199,41253,35232,37660,36800,36738,37599,38106,38900,39121,40004,35271,
1166,114,114, 04.03.2026 12:25:00,6,38322,37274,37237,38312,39005,39985,40157,41225,35263,37650,36811,36744,37587,38116,38905,39147,39990,35319,
1167,114,114, 04.03.2026 12:25:00,7,38340,37267,37261,38323,39028,39984,40171,41200,35245,37643,36789,36773,37589,38108,38889,39141,39969,35269,
1168,114,114, 04.03.2026 12:25:00,8,38385,37316,37240,38326,39019,40002,40174,41219,35245,37665,36793,36777,37610,38101,38888,39133,39974,35288,
1169,114,114, 04.03.2026 12:25:00,9,38375,37257,37266,38357,38989,39959,40169,41213,35283,37660,36804,36776,37625,38126,38897,39133,39978,35313,
1170,115,115, 04.03.2026 12:25:01,0,38338,37248,37204,38244,38957,39965,40114,41190,37208,37663,36782,36813,37613,38149,38915,39129,39983,36915,
1171,115,115, 04.03.2026 12:25:01,1,38313,37252,37239,38280,38954,39935,40133,41199,37242,37672,36772,36779,37617,38130,38907,39116,40006,36897,
1172,115,115, 04.03.2026 12:25:01,2,38293,37246,37211,38304,39002,39963,40115,41183,37212,37660,36798,36763,37579,38120,38906,39116,39999,36967,
1173,115,115, 04.03.2026 12:25:01,3,38316,37254,37198,38262,38985,39969,40150,41180,37237,37668,36813,36790,37622,38116,38895,39135,40002,36929,
1174,115,115, 04.03.2026 12:25:01,4,38281,37263,37237,38308,38974,39948,40159,41184,37204,37699,36847,36796,37628,38117,38910,39149,39994,36946,
1175,115,115, 04.03.2026 12:25:01,5,38340,37231,37218,38333,38938,39964,40164,41149,37253,37670,36803,36802,37588,38131,38887,39111,40005,36921,
1176,115,115, 04.03.2026 12:25:01,6,38298,37275,37199,38293,39001,39974,40159,41158,37254,37663,36812,36744,37608,38170,38908,39146,39995,36931,
1177,115,115, 04.03.2026 12:25:01,7,38339,37236,37162,38270,38972,39973,40161,41176,37261,37666,36823,36791,37608,38142,38899,39147,39950,36965,
1178,115,115, 04.03.2026 12:25:01,8,38286,37196,37222,38270,38960,39955,40123,41174,37255,37636,36814,36792,37601,38130,38897,39114,39974,36946,
1179,115,115, 04.03.2026 12:25:01,9,38336,37243,37212,38272,38961,39941,40140,41198,37266,37651,36804,36772,37605,38114,38886,39120,39999,36932,
1180,116,116, 04.03.2026 12:25:02,0,38345,37213,37226,38270,38962,39947,40173,41157,38538,37687,36783,36782,37615,38151,38928,39137,39984,38018,
1181,116,116, 04.03.2026 12:25:02,1,38354,37259,37218,38270,38987,39938,40142,41193,38560,37717,36818,36772,37606,38129,38906,39141,40003,38055,
1182,116,116, 04.03.2026 12:25:02,2,38343,37263,37201,38296,38958,39961,40132,41143,38521,37670,36837,36787,37609,38124,38886,39115,40024,38049,
1183,116,116, 04.03.2026 12:25:02,3,38291,37229,37159,38265,38970,39922,40137,41131,38549,37691,36834,36773,37610,38154,38911,39133,40005,38072,
1184,116,116, 04.03.2026 12:25:02,4,38341,37252,37206,38294,38974,39963,40166,41137,38614,37672,36820,36799,37638,38155,38879,39142,40022,38129,
1185,116,116, 04.03.2026 12:25:02,5,38298,37257,37217,38299,38965,39972,40122,41126,38751,37700,36812,36746,37642,38134,38889,39110,39998,38217,
1186,116,116, 04.03.2026 12:25:02,6,38257,37207,37163,38239,38976,39937,40105,41168,38821,37670,36851,36801,37648,38144,38910,39144,39977,38266,
1187,116,116, 04.03.2026 12:25:02,7,38292,37241,37180,38289,38960,39928,40124,41179,38811,37661,36812,36791,37613,38166,38907,39121,40023,38291,
1188,116,116, 04.03.2026 12:25:02,8,38315,37248,37189,38275,38959,39957,40117,41147,38874,37698,36794,36793,37636,38130,38899,39142,39987,38293,
1189,116,116, 04.03.2026 12:25:02,9,38246,37242,37192,38263,38999,39970,40137,41138,38831,37679,36806,36801,37606,38152,38897,39129,40005,38323,
1190,117,117, 04.03.2026 12:25:03,0,38285,37213,37161,38255,38921,39902,40140,41164,40721,37674,36855,36799,37650,38145,38922,39153,40002,39866,
1191,117,117, 04.03.2026 12:25:03,1,38303,37245,37180,38254,38955,39915,40108,41139,40717,37688,36837,36813,37620,38140,38929,39171,40018,39930,
1192,117,117, 04.03.2026 12:25:03,2,38264,37227,37217,38255,38974,39896,40101,41178,40727,37750,36805,36826,37616,38146,38918,39147,40012,39866,
1193,117,117, 04.03.2026 12:25:03,3,38311,37262,37193,38289,38945,39892,40109,41137,40723,37708,36855,36793,37648,38171,38914,39145,40032,39910,
1194,117,117, 04.03.2026 12:25:03,4,38248,37190,37209,38250,38909,39911,40117,41192,40733,37706,36819,36797,37643,38159,38918,39159,40002,39902,
1195,117,117, 04.03.2026 12:25:03,5,38271,37207,37189,38258,38950,39909,40105,41139,40751,37689,36835,36796,37620,38156,38925,39166,40031,39905,
1196,117,117, 04.03.2026 12:25:03,6,38312,37241,37176,38250,38916,39902,40119,41106,40721,37710,36826,36817,37668,38153,38914,39159,40035,39917,
1197,117,117, 04.03.2026 12:25:03,7,38340,37235,37196,38236,38908,39962,40127,41143,40727,37728,36825,36807,37665,38169,38942,39158,40027,39885,
1198,117,117, 04.03.2026 12:25:03,8,38315,37217,37202,38244,38957,39933,40141,41142,40688,37724,36819,36826,37662,38175,38940,39150,40013,39881,
1199,117,117, 04.03.2026 12:25:03,9,38317,37215,37197,38243,38943,39923,40125,41175,40765,37737,36855,36813,37656,38178,38937,39161,40010,39898,
1200,118,118, 04.03.2026 12:25:04,0,38284,37205,37186,38228,38978,39908,40089,41109,42608,37706,36843,36807,37696,38196,38962,39167,40056,41485,
1201,118,118, 04.03.2026 12:25:04,1,38279,37224,37160,38247,38938,39905,40101,41158,42629,37734,36872,36818,37654,38212,38941,39181,40054,41503,
1202,118,118, 04.03.2026 12:25:04,2,38238,37206,37215,38231,38927,39920,40107,41117,42604,37727,36870,36812,37664,38192,38927,39203,40075,41498,
1203,118,118, 04.03.2026 12:25:04,3,38273,37245,37194,38242,38929,39880,40091,41148,42586,37733,36891,36815,37681,38185,38980,39175,40039,41488,
1204,118,118, 04.03.2026 12:25:04,4,38320,37227,37179,38247,38925,39920,40132,41113,42633,37739,36866,36812,37662,38199,38965,39189,40032,41515,
1205,118,118, 04.03.2026 12:25:04,5,38280,37207,37171,38268,38916,39893,40089,41118,42638,37728,36854,36819,37656,38204,38906,39196,40012,41530,
1206,118,118, 04.03.2026 12:25:04,6,38275,37210,37196,38255,38900,39925,40113,41122,42648,37747,36873,36819,37666,38187,38985,39189,40030,41551,
1207,118,118, 04.03.2026 12:25:04,7,38298,37235,37157,38257,38903,39952,40123,41131,42627,37738,36872,36804,37687,38206,38943,39165,40039,41511,
1208,118,118, 04.03.2026 12:25:04,8,38291,37194,37182,38233,38953,39883,40097,41133,42652,37722,36904,36822,37655,38224,38934,39171,40026,41517,
1209,118,118, 04.03.2026 12:25:04,9,38243,37229,37178,38260,38919,39910,40123,41166,42644,37738,36875,36841,37672,38204,38975,39192,40048,41518,
1210,119,119, 04.03.2026 12:25:20,0,38254,37173,37150,38231,38880,39837,40068,41108,44308,37703,36895,36860,37683,38173,38949,39186,40001,42887,
1211,119,119, 04.03.2026 12:25:20,1,38286,37189,37184,38234,38898,39888,40076,41092,44279,37746,36909,36825,37665,38202,38976,39180,40036,42870,
1212,119,119, 04.03.2026 12:25:20,2,38239,37188,37144,38213,38922,39849,40065,41095,44262,37764,36885,36853,37716,38175,38971,39210,40050,42906,
1213,119,119, 04.03.2026 12:25:20,3,38252,37207,37144,38216,38907,39887,40075,41093,44274,37754,36881,36856,37652,38186,38951,39171,40048,42879,
1214,119,119, 04.03.2026 12:25:20,4,38257,37208,37158,38216,38869,39851,40059,41088,44288,37760,36850,36841,37668,38174,39002,39176,40016,42881,
1215,119,119, 04.03.2026 12:25:20,5,38285,37205,37152,38209,38914,39854,40046,41093,44275,37743,36875,36855,37678,38197,38941,39179,40058,42872,
1216,119,119, 04.03.2026 12:25:20,6,38299,37181,37125,38202,38893,39889,40077,41094,44312,37754,36879,36842,37725,38197,38969,39178,40057,42879,
1217,119,119, 04.03.2026 12:25:20,7,38218,37231,37166,38211,38900,39880,40082,41071,44322,37761,36896,36820,37669,38202,38934,39194,40064,42894,
1218,119,119, 04.03.2026 12:25:20,8,38235,37202,37139,38227,38894,39871,40044,41092,44304,37754,36908,36845,37668,38192,38932,39197,40033,42892,
1219,119,119, 04.03.2026 12:25:20,9,38246,37168,37151,38243,38872,39888,40048,41078,44273,37779,36886,36844,37651,38193,38955,39176,40019,42884,
1220,120,120, 04.03.2026 12:25:23,0,38229,37172,37156,38212,38928,39830,40047,41115,44512,37740,36864,36860,37635,38224,38968,39186,40048,43167,
1221,120,120, 04.03.2026 12:25:23,1,38254,37208,37120,38221,38911,39884,40057,41100,44550,37745,36870,36804,37659,38176,38974,39176,40034,43150,
1222,120,120, 04.03.2026 12:25:23,2,38247,37149,37163,38242,38905,39857,40050,41086,44538,37738,36865,36838,37681,38208,38939,39209,39985,43108,
1223,120,120, 04.03.2026 12:25:23,3,38232,37204,37155,38201,38909,39858,40061,41073,44530,37716,36884,36825,37716,38204,38951,39177,40050,43128,
1224,120,120, 04.03.2026 12:25:23,4,38278,37219,37138,38230,38912,39835,40058,41060,44561,37734,36888,36836,37678,38194,38955,39169,40026,43132,
1225,120,120, 04.03.2026 12:25:23,5,38234,37222,37145,38233,38894,39858,40031,41072,44567,37695,36910,36859,37655,38181,38974,39195,40035,43147,
1226,120,120, 04.03.2026 12:25:23,6,38213,37190,37158,38192,38892,39874,40033,41076,44566,37741,36912,36831,37659,38201,38939,39160,40029,43115,
1227,120,120, 04.03.2026 12:25:23,7,38259,37187,37114,38192,38874,39872,40081,41096,44548,37770,36898,36853,37663,38201,38963,39179,40029,43137,
1228,120,120, 04.03.2026 12:25:23,8,38283,37200,37144,38176,38921,39852,40046,41119,44524,37759,36888,36861,37693,38201,38944,39187,40047,43118,
1229,120,120, 04.03.2026 12:25:23,9,38291,37165,37167,38226,38868,39832,40049,41065,44561,37772,36867,36843,37664,38191,38964,39171,40068,43127,

